length,real_depth,random_depth,real_max_arity,random_max_arity
40,7,14.35,7,3.45
29,8,11.4,5,3.4
25,8,10.3,3,3.55
8,4,5.25,4,2.3
19,7,8.85,4,2.95
22,8,9.1,4,3.3
55,6,16.45,7,3.8
21,7,9.3,5,3.35
39,8,13.7,5,3.75
47,10,16.95,5,3.75
65,11,20.05,7,3.85
27,6,10.8,5,3.3
31,13,12.35,3,3.3
36,8,12.7,4,3.65
33,9,13.15,4,3.55
68,10,18.6,6,3.8
45,11,15.35,5,3.55
17,6,8.35,5,3.1
18,6,8.35,4,3.2
17,5,8.85,6,2.95
30,15,11.4,5,3.45
28,5,11.25,6,3.1
33,6,13.15,6,3.55
22,6,10.8,4,3.1
17,6,7.4,5,3.2
30,10,11.5,4,3.3
21,8,8.8,4,3.5
20,9,9.15,4,3.05
12,6,7.05,3,2.85
16,6,8.65,4,2.95
48,9,14.7,5,3.55
54,9,16.1,8,3.6
24,7,10.25,4,3.15
31,11,12.35,4,3.4
25,6,10.25,6,3.3
11,5,6.5,4,2.7
15,5,7.3,4,2.9
18,4,8.85,6,3.05
23,6,9.7,5,3.0
17,6,8.7,3,2.85
14,6,6.85,2,2.95
26,7,10.2,4,3.3
15,7,7.45,4,2.85
27,8,10.8,3,3.3
35,6,12.2,5,3.65
17,6,9.25,3,3.05
31,11,11.4,3,3.3
36,8,13.3,7,3.8
12,5,6.8,4,2.8
18,7,8.7,5,3.0
18,6,8.25,3,2.95
17,6,8.65,4,3.0
17,5,8.45,4,2.9
30,7,11.45,6,3.35
16,5,8.7,4,2.9
20,10,9.75,3,3.2
21,6,9.65,5,2.85
14,7,6.7,4,3.0
28,8,11.25,6,3.35
20,6,9.7,6,3.0
17,9,8.2,4,3.25
20,5,9.4,4,3.3
25,9,10.05,3,3.35
19,7,9.3,5,3.0
9,5,5.65,3,2.45
18,6,7.95,5,3.25
12,7,6.65,2,2.35
31,11,11.8,6,3.35
12,5,6.25,5,2.9
28,10,11.3,5,3.1
23,10,10.6,4,3.15
49,14,15.1,4,3.75
24,7,10.55,4,3.35
22,5,10.8,5,2.95
13,6,7.35,3,2.75
17,7,8.3,4,3.0
45,9,14.75,6,3.65
45,5,14.3,10,4.1
17,6,8.6,5,3.0
40,10,13.45,5,3.8
27,8,10.7,6,3.25
13,6,7.75,3,2.5
15,6,7.35,4,3.1
21,7,9.8,6,3.2
22,6,9.8,5,3.05
39,8,13.15,5,3.4
16,7,7.45,5,3.25
46,9,15.15,5,3.7
52,8,16.05,7,3.95
33,6,12.65,6,3.3
12,3,6.5,6,2.9
17,6,8.1,6,3.05
14,6,7.35,4,2.65
21,7,9.0,5,2.95
15,7,7.5,4,3.3
51,10,14.2,5,3.8
39,9,13.6,3,3.5
21,9,9.4,4,3.05
22,8,10.1,3,2.85
21,5,9.6,3,3.4
16,4,7.2,6,2.85
15,7,7.2,3,2.55
11,4,6.4,5,2.7
13,7,6.95,3,3.0
17,9,8.65,2,2.8
22,9,9.9,5,3.05
9,6,5.65,3,2.5
20,8,9.35,3,3.3
14,3,7.4,6,2.65
20,10,9.6,4,3.15
34,11,12.3,5,3.5
29,12,11.05,6,3.1
11,5,6.75,5,2.75
17,6,8.4,4,3.05
19,5,9.05,6,2.9
12,5,6.95,4,2.75
16,4,8.65,5,3.0
14,5,6.85,5,2.85
25,6,11.1,5,3.4
24,5,10.5,5,3.2
18,5,8.95,3,2.85
21,6,9.6,4,3.3
22,8,9.45,4,3.45
14,7,7.7,3,2.75
22,9,9.6,4,3.0
29,7,11.5,4,3.35
16,6,7.5,5,3.5
42,9,13.7,4,3.55
29,7,11.35,5,3.65
22,7,10.25,7,3.35
56,9,15.25,5,4.15
16,6,8.45,4,2.95
16,6,7.95,5,2.7
9,5,5.7,4,2.45
15,9,8.1,3,2.75
15,8,6.6,5,3.0
20,5,8.55,4,3.45
14,6,7.3,3,2.8
44,9,15.05,4,3.8
23,6,9.8,5,3.0
17,7,7.6,5,3.15
46,8,13.3,6,4.05
13,5,7.25,4,2.75
14,7,7.5,3,2.5
35,7,12.15,6,3.35
13,4,6.45,4,2.9
32,7,12.6,4,3.25
27,7,10.7,6,3.4
17,5,8.3,3,3.2
29,9,11.05,4,3.6
15,7,7.95,3,2.85
19,6,9.05,6,2.9
28,9,10.55,4,3.65
33,7,11.5,8,3.75
21,6,9.6,4,3.4
16,6,7.8,4,3.0
16,4,8.5,5,2.7
12,4,7.05,4,2.55
16,5,8.25,4,2.85
18,7,8.55,4,3.15
17,5,8.75,4,3.0
17,8,8.3,4,3.1
12,4,6.6,4,2.7
13,4,7.1,5,2.6
23,5,10.3,7,3.25
15,4,8.5,5,2.75
14,4,7.6,4,2.75
19,7,8.75,4,3.3
21,7,9.2,4,3.25
49,8,14.85,6,3.65
18,8,8.45,3,3.2
20,10,9.9,3,3.0
42,12,13.9,5,3.6
31,6,11.9,6,3.5
37,8,12.1,6,3.55
46,9,14.15,6,3.7
74,22,18.7,5,4.15
38,8,14.5,6,3.35
19,7,8.9,4,3.1
22,5,10.5,5,3.1
61,8,18.4,9,3.95
16,7,7.75,3,3.15
29,8,11.65,5,3.75
20,6,8.8,4,3.2
49,13,13.6,5,4.1
13,5,7.45,5,2.55
18,6,8.3,6,3.1
37,6,13.6,8,3.5
14,6,7.55,3,2.65
49,7,15.0,7,4.1
37,5,13.45,6,3.45
25,7,10.4,6,3.0
30,9,10.7,4,3.35
13,5,6.95,4,2.95
29,16,11.75,3,3.3
68,11,17.8,8,3.8
18,4,8.55,5,2.65
11,5,6.45,3,2.7
53,8,17.05,6,3.9
40,7,13.7,5,3.7
13,5,7.4,3,2.75
29,10,11.25,4,3.1
16,6,8.3,5,2.75
43,6,14.45,9,3.85
25,8,11.0,4,3.45
10,5,6.0,4,2.6
39,8,12.25,6,3.95
11,5,6.05,4,2.75
13,7,6.65,4,2.65
42,11,13.25,7,3.9
36,10,12.4,6,3.35
23,8,9.65,3,3.2
28,6,11.1,9,3.0
16,5,8.6,5,2.85
39,7,13.15,7,3.75
20,9,10.05,4,2.9
14,4,7.4,7,3.2
18,8,9.4,4,3.15
31,8,11.1,7,3.75
29,8,11.85,7,3.15
17,6,8.4,5,3.1
21,5,9.85,6,3.3
14,5,7.4,4,2.85
12,5,6.85,4,2.85
11,4,6.3,5,2.7
10,5,6.15,3,2.4
35,10,12.8,8,3.45
41,7,13.9,5,3.75
17,6,8.05,5,2.85
36,9,11.7,7,3.65
40,6,14.35,10,3.5
29,7,11.65,5,3.3
16,6,8.05,3,2.85
19,5,8.9,5,3.15
37,7,13.0,6,3.55
44,10,14.4,7,3.7
64,11,17.9,6,4.1
27,8,11.1,4,3.25
21,8,9.15,6,3.3
42,11,13.45,4,3.65
14,10,8.0,2,2.55
14,5,7.3,5,2.9
28,10,11.35,3,3.25
19,5,9.6,4,2.9
13,6,7.5,3,2.45
14,5,7.15,4,2.65
14,5,6.85,4,3.2
16,6,7.1,5,2.9
20,7,9.05,5,3.15
17,5,8.25,4,3.1
19,5,8.2,4,3.2
25,7,9.05,4,3.4
17,5,8.65,4,3.0
19,5,9.15,4,3.0
10,6,6.65,3,2.45
11,7,6.35,4,2.85
15,6,8.1,4,2.95
25,7,10.3,4,3.65
12,5,6.9,3,2.85
37,9,12.75,4,3.6
9,5,5.6,3,2.75
18,5,9.25,4,2.85
11,7,6.85,4,2.45
11,7,6.55,4,2.55
20,5,8.8,4,3.15
16,6,7.75,5,3.1
17,5,8.15,4,3.05
11,7,6.35,4,2.45
10,5,5.85,3,2.5
16,6,7.75,4,3.2
23,8,9.4,4,3.8
18,7,9.1,5,3.1
34,10,12.8,4,3.1
10,4,6.4,4,2.5
11,7,6.1,2,2.75
24,6,10.15,5,3.35
15,5,8.15,4,2.8
38,8,13.15,4,3.4
22,8,9.5,6,3.25
22,9,9.45,6,3.4
39,10,13.0,4,3.55
30,10,11.0,5,3.3
12,4,6.45,6,2.85
14,5,7.7,3,2.85
13,7,7.3,3,2.7
14,6,7.35,4,2.7
20,6,9.2,5,3.35
14,5,7.25,4,2.75
10,6,6.4,3,2.65
7,4,4.65,4,2.45
17,8,8.25,3,2.75
23,6,10.15,4,3.35
12,6,6.45,4,2.95
22,6,10.4,6,3.05
22,8,10.15,3,3.1
14,7,6.75,3,2.75
9,6,5.55,3,2.5
10,5,6.1,3,2.7
12,5,6.75,4,2.95
22,7,8.7,6,3.15
10,5,5.9,3,2.55
15,5,7.85,3,3.2
24,12,10.3,5,3.4
42,8,14.3,7,3.45
19,6,8.05,5,3.25
13,7,7.4,4,2.4
20,7,8.7,5,2.8
9,5,5.4,3,2.55
15,8,7.3,4,3.1
22,8,9.85,6,3.25
12,5,6.55,3,2.75
24,9,10.75,5,3.2
18,5,7.6,6,3.35
9,4,5.4,4,2.55
33,8,12.3,6,3.25
27,9,11.15,4,3.35
18,5,7.85,5,3.1
18,8,8.8,3,3.25
10,4,6.2,5,2.4
17,7,8.5,4,2.75
28,7,12.05,4,3.6
21,5,9.85,4,3.15
36,7,11.85,5,3.55
20,8,9.65,4,3.2
15,7,7.45,3,2.85
14,7,7.15,4,2.8
24,6,10.4,7,3.2
16,4,8.05,4,3.0
26,8,10.55,4,3.25
22,9,10.0,3,3.15
27,5,10.55,5,3.5
14,6,7.5,4,3.1
19,5,9.1,5,3.0
12,4,7.05,3,2.75
31,5,11.85,6,3.15
9,5,5.8,4,2.55
30,6,11.6,5,3.7
26,8,11.5,5,3.2
41,9,12.95,4,3.7
17,5,8.85,4,3.0
46,9,15.25,6,3.5
10,4,6.0,3,2.35
20,8,8.7,3,3.2
16,6,7.25,4,3.05
12,6,6.25,4,2.9
13,6,6.9,3,2.75
15,7,7.75,3,2.9
15,6,7.7,5,2.85
25,6,10.8,4,3.45
38,8,13.45,7,3.7
31,7,11.4,4,3.4
19,5,9.1,5,2.95
15,6,8.45,4,2.7
11,4,6.75,4,2.6
17,7,8.4,3,3.0
15,6,7.75,4,2.85
24,8,10.05,3,3.3
30,9,11.7,4,3.15
51,8,16.25,8,3.85
11,3,6.25,4,2.6
26,10,10.9,3,3.55
23,8,9.8,4,3.2
22,9,10.1,3,3.35
25,10,10.85,5,3.35
43,11,14.35,4,3.85
24,6,10.5,4,3.35
24,5,10.35,6,3.5
20,7,8.85,3,3.25
17,6,9.25,3,2.85
18,5,8.35,4,2.9
16,5,7.75,5,2.9
21,5,9.75,5,3.1
11,4,6.4,5,2.6
15,5,7.7,3,3.05
19,8,9.7,3,2.9
29,9,10.25,5,3.55
33,11,13.0,6,3.75
16,7,8.55,3,3.0
10,6,5.8,4,2.55
17,7,9.4,3,2.95
23,7,10.75,5,3.15
15,5,8.1,4,2.95
9,7,5.75,2,2.4
33,10,12.65,5,3.55
16,4,8.05,5,3.15
10,6,6.2,3,2.55
36,8,12.75,5,4.0
21,6,9.9,6,3.1
10,6,6.0,2,2.7
21,6,9.0,4,3.5
22,9,9.9,4,3.35
26,9,11.4,5,3.35
11,4,6.7,4,2.55
23,8,11.35,5,3.05
16,5,7.95,4,3.05
53,9,15.4,6,3.9
20,8,8.2,5,3.1
12,8,6.65,3,2.8
29,7,11.7,5,3.3
15,8,7.1,4,2.85
16,5,7.75,5,2.85
20,7,8.75,4,3.25
16,6,8.35,3,2.85
20,6,10.05,4,3.25
19,5,9.0,6,2.95
11,7,6.05,3,3.05
24,7,9.7,4,3.4
19,4,9.15,6,3.25
20,7,9.0,5,3.1
18,5,8.9,5,3.1
58,7,16.9,9,4.05
29,12,11.7,4,3.3
10,3,6.35,6,2.5
25,9,10.15,4,3.2
38,7,11.95,6,3.85
14,5,7.3,4,2.95
19,6,9.1,5,3.05
31,12,11.15,4,3.1
45,11,15.25,4,3.65
11,4,6.0,3,2.6
41,8,14.5,7,3.7
19,6,9.15,5,3.2
12,5,6.85,4,2.7
16,6,7.6,4,3.15
11,6,6.8,4,2.5
33,8,11.1,5,3.7
32,8,13.35,5,3.3
28,8,10.35,5,3.6
16,5,7.85,6,3.1
32,10,12.25,6,3.35
24,8,10.5,3,2.95
25,9,10.2,4,3.25
28,8,10.4,5,3.4
30,6,11.6,5,3.45
16,7,8.75,4,2.9
48,9,16.0,6,3.6
26,7,10.65,3,3.55
21,5,9.55,5,3.15
33,7,12.8,6,3.4
26,9,10.45,4,3.25
14,5,7.05,5,2.8
84,9,19.35,6,3.95
16,5,8.2,5,2.95
16,6,8.75,6,2.7
11,4,6.15,6,2.45
15,8,8.2,3,2.95
10,4,6.2,4,2.45
31,7,11.35,5,3.6
49,12,14.25,4,3.95
10,4,6.35,3,2.3
11,4,6.0,3,2.8
18,7,8.15,5,3.2
23,6,9.9,7,3.1
19,10,8.95,3,3.3
10,4,5.9,4,2.8
26,5,10.6,6,3.55
24,6,10.3,5,3.05
14,5,7.7,5,2.85
15,5,6.7,5,3.2
9,3,5.7,4,2.5
38,6,13.25,4,3.75
17,5,8.15,3,3.05
13,4,7.0,4,2.8
11,5,6.5,3,2.65
13,4,6.85,4,2.9
33,7,13.3,6,3.3
31,10,11.9,6,3.55
23,6,11.3,4,2.95
13,8,7.05,3,2.55
30,8,11.3,5,3.55
15,7,8.1,3,2.65
49,13,15.25,5,4.0
30,6,11.9,5,3.45
15,5,8.2,5,2.75
35,8,13.1,7,3.75
28,7,11.8,4,3.05
33,9,12.75,5,3.55
36,5,13.2,10,3.5
8,5,5.15,3,2.15
33,7,12.0,5,3.35
34,8,12.4,5,3.45
46,9,16.65,8,3.6
23,5,9.85,4,3.15
32,7,10.95,5,3.55
14,6,7.75,4,2.9
14,8,6.85,3,3.0
72,10,18.8,7,3.85
24,6,9.5,5,3.4
28,9,10.8,4,3.45
47,10,15.95,5,3.65
35,8,12.75,4,3.45
24,5,10.2,4,3.2
16,5,8.1,4,2.9
32,7,11.85,6,3.55
35,8,13.7,5,3.4
82,9,19.85,7,3.95
42,10,14.45,6,3.55
20,5,9.5,6,3.15
10,5,5.8,3,2.65
17,5,8.9,6,2.95
15,7,7.9,3,2.8
34,7,12.4,6,3.5
25,9,9.45,4,3.35
9,5,5.85,4,2.3
14,6,7.35,5,3.0
34,7,12.35,5,3.75
9,4,5.75,4,2.6
31,7,11.55,4,3.5
12,6,6.4,4,2.65
22,10,9.4,3,3.3
23,7,9.65,7,3.5
29,9,11.65,5,3.1
18,7,8.35,3,3.25
24,8,10.25,5,3.4
13,6,7.3,3,2.55
25,9,9.9,4,3.35
12,5,6.95,3,2.75
32,9,12.5,4,3.6
13,5,6.85,5,2.85
27,9,11.15,6,3.5
11,6,6.65,4,2.65
16,4,8.75,6,2.65
16,5,7.6,5,3.05
12,5,6.45,3,2.85
24,7,9.75,4,3.5
25,9,10.75,4,3.05
16,8,7.2,5,3.2
32,10,12.55,4,3.7
16,7,8.7,4,2.85
28,7,10.9,4,3.55
21,6,9.8,5,3.15
24,7,10.5,5,3.3
12,4,6.75,4,2.5
27,4,10.75,7,3.45
24,6,9.8,5,3.15
13,6,7.2,3,2.9
10,5,6.3,3,2.45
32,9,12.45,5,3.2
29,6,12.45,7,3.45
49,7,14.5,7,3.8
31,11,11.9,8,3.7
12,5,6.6,3,2.7
17,5,8.75,4,2.7
32,7,12.15,6,3.4
21,4,9.45,4,3.45
53,9,15.8,8,3.7
25,6,10.7,4,3.4
19,5,8.6,5,3.15
18,7,8.85,4,2.95
12,6,7.0,3,2.55
11,3,5.95,4,2.9
48,10,14.3,7,4.0
48,7,14.65,7,3.95
19,6,8.85,3,3.3
16,5,8.25,5,2.95
13,4,7.25,5,2.85
28,9,11.8,5,3.2
8,5,5.4,3,2.35
23,6,10.15,4,3.15
41,10,14.4,5,3.5
39,7,14.05,4,3.5
18,5,8.8,5,2.9
25,7,10.75,4,3.2
16,7,7.9,4,3.25
26,9,10.55,4,3.5
22,5,9.95,6,3.3
25,7,9.35,4,3.7
14,7,7.4,3,2.8
37,12,13.7,5,3.2
18,4,7.75,5,3.05
11,8,6.55,3,2.65
21,10,9.8,4,3.45
34,9,12.15,4,3.75
21,7,9.4,3,3.2
18,9,8.65,4,3.2
22,6,10.0,6,3.15
17,6,8.1,4,2.9
11,4,6.3,4,2.55
15,5,7.05,3,2.95
23,9,9.35,4,3.4
61,9,16.65,5,3.75
22,6,9.55,5,3.35
33,6,12.6,9,3.3
28,5,12.3,6,3.25
37,6,12.85,7,3.7
10,4,5.55,4,2.75
18,7,8.7,3,2.75
13,5,7.05,4,2.65
34,13,12.25,5,3.6
12,7,6.3,3,2.8
17,5,7.7,3,3.35
16,9,8.1,3,3.0
35,9,12.6,4,3.35
45,9,15.0,4,3.4
20,5,8.3,4,3.05
42,8,14.25,10,3.5
25,6,9.9,5,3.5
9,5,5.3,3,2.65
34,8,13.35,6,3.6
23,9,10.2,4,3.05
9,6,5.5,4,2.65
24,5,10.6,6,3.05
11,4,5.9,4,2.75
21,10,9.75,3,2.95
49,14,15.05,5,3.8
19,6,10.05,4,2.9
30,9,11.6,4,3.15
18,6,9.15,3,2.85
21,5,8.85,4,2.9
26,8,11.35,3,3.4
32,6,11.85,6,3.2
30,7,12.2,8,3.6
8,5,5.4,3,2.3
18,6,8.4,4,3.1
23,7,9.85,4,3.3
27,5,11.3,6,3.0
17,7,8.9,5,3.1
17,7,8.5,3,3.05
15,5,8.0,4,2.65
17,7,8.15,5,3.2
17,5,8.2,4,3.15
56,8,16.75,6,3.7
21,7,9.25,3,3.4
16,5,7.7,3,2.7
12,6,7.1,3,2.5
48,9,14.05,7,3.65
21,7,9.55,5,3.1
28,8,11.15,5,3.45
17,7,8.35,4,2.95
20,7,9.15,5,3.05
8,5,5.4,3,2.75
68,11,16.1,7,4.15
24,7,10.0,5,3.3
54,12,15.65,5,3.7
18,6,8.5,4,2.9
13,5,7.05,3,2.85
9,4,5.6,3,2.5
15,6,7.5,4,3.0
64,6,16.7,8,4.15
22,6,9.5,4,3.55
43,8,14.1,5,3.7
34,9,12.5,5,3.5
12,5,7.45,5,2.55
10,4,5.9,5,2.8
12,4,6.8,4,2.55
15,5,7.75,4,3.0
32,6,11.35,5,3.4
12,4,6.8,3,2.85
14,6,7.05,4,3.1
30,7,11.85,5,3.1
39,13,12.85,3,3.35
27,7,11.25,5,3.45
26,6,10.75,8,3.4
23,9,9.6,5,3.6
21,5,9.5,5,3.2
11,5,6.2,3,2.8
11,7,7.1,3,2.6
61,15,16.0,6,3.9
25,9,11.65,4,3.15
26,7,10.3,3,3.35
12,4,6.95,4,2.7
46,8,15.05,7,3.9
39,9,13.3,5,3.4
25,7,11.0,7,3.2
20,7,9.2,3,2.95
29,7,10.8,5,3.3
35,7,12.45,6,3.5
26,7,10.8,6,3.15
27,8,10.2,4,3.55
31,13,11.45,7,3.6
31,10,11.75,6,3.6
15,6,8.75,3,2.6
32,7,11.9,8,3.3
62,14,17.45,5,3.75
63,9,17.2,6,3.95
13,5,7.55,5,2.65
27,6,10.0,4,3.4
23,7,11.2,5,2.85
10,7,6.45,3,2.45
38,8,13.3,4,3.5
10,5,6.25,4,2.65
27,7,11.45,6,3.15
37,7,13.05,5,3.45
18,5,8.85,5,3.1
34,7,13.1,5,3.9
18,6,9.4,3,2.9
12,4,6.35,5,2.85
19,5,8.3,4,2.95
24,6,10.35,3,3.05
31,7,11.85,3,3.4
42,8,14.9,5,3.7
44,8,13.5,6,3.8
30,6,12.05,5,3.2
58,9,16.85,7,3.9
22,7,9.3,3,3.35
19,7,9.2,4,3.2
19,8,8.95,4,3.05
10,5,6.3,3,2.5
24,7,9.55,5,3.25
11,5,6.6,5,2.7
12,7,7.45,3,2.6
37,9,12.95,4,3.7
41,9,14.0,4,3.8
31,11,12.3,3,3.45
23,6,9.8,6,3.4
30,8,11.55,5,3.25
17,7,8.1,4,3.1
35,10,12.7,4,3.5
22,6,9.25,4,3.45
20,5,9.05,4,3.1
37,8,12.5,4,3.9
44,8,13.8,7,3.85
15,8,7.3,3,3.0
25,8,9.9,3,3.1
38,7,13.45,6,3.45
14,6,7.65,4,3.05
25,8,10.75,6,3.25
14,4,7.25,5,3.15
12,7,6.8,3,2.75
17,6,8.25,3,2.9
35,9,11.9,4,3.4
69,11,17.35,5,4.1
16,5,8.3,4,2.75
47,10,14.4,4,3.6
10,6,6.55,4,2.5
30,8,13.05,7,3.4
16,7,8.25,4,3.0
38,11,12.4,4,3.75
29,6,11.25,6,3.95
26,8,10.4,7,3.25
29,9,11.65,3,3.3
51,11,15.7,7,4.15
25,6,10.2,5,3.4
21,8,8.7,5,3.4
40,8,14.35,5,3.45
46,6,14.75,7,3.85
24,7,10.8,6,3.15
15,6,7.2,5,3.25
47,10,15.35,4,3.7
33,7,13.5,4,3.35
14,6,7.5,3,2.95
22,7,9.75,4,3.0
24,6,10.9,5,3.15
33,7,12.5,5,3.45
19,7,8.8,4,3.05
18,4,8.6,5,3.15
18,8,8.5,3,2.85
20,5,9.6,6,3.0
59,9,17.15,7,3.65
18,6,8.8,4,3.25
12,4,6.1,4,2.85
33,10,12.2,4,3.5
23,7,10.6,4,3.1
13,5,6.85,5,3.0
37,9,13.25,7,3.5
47,7,16.55,6,3.7
16,7,8.3,4,3.05
15,6,8.3,5,2.95
34,5,12.0,5,3.7
44,7,14.45,5,3.8
17,5,7.65,7,3.25
34,8,12.0,5,3.45
31,6,11.95,7,3.55
16,7,8.35,4,2.7
20,6,9.75,4,3.2
45,5,15.15,10,3.5
32,9,12.4,4,3.6
18,4,8.7,6,2.95
16,7,8.05,3,2.85
10,4,6.15,3,2.45
44,7,14.4,7,3.65
17,5,8.5,5,2.9
13,4,6.45,4,3.05
18,6,8.25,5,2.9
28,10,11.25,5,3.6
15,7,7.1,3,3.0
14,8,7.15,3,2.9
40,11,13.9,4,3.8
14,8,7.55,4,2.8
14,5,7.55,4,2.75
45,14,15.7,6,3.45
25,7,10.95,4,3.15
43,11,12.5,4,3.8
17,4,8.25,6,2.9
17,6,8.6,5,3.1
16,5,8.5,4,2.95
17,6,8.55,5,2.9
28,8,10.95,4,3.8
31,11,11.4,4,3.3
36,10,12.75,7,3.65
24,8,9.85,5,3.2
4,3,3.15,2,1.85
25,8,10.25,6,3.35
15,5,7.85,6,2.75
28,8,11.2,7,3.35
28,9,10.8,4,3.45
22,5,9.5,4,3.05
25,7,11.65,4,3.0
21,6,9.4,4,3.35
21,7,9.35,7,3.15
38,8,12.8,5,3.8
26,8,11.25,5,3.4
28,10,11.85,6,3.3
17,8,7.7,5,3.2
22,10,9.15,4,3.1
15,7,8.0,4,2.65
26,10,10.75,3,3.15
26,8,10.85,3,3.4
27,11,11.65,4,3.3
11,6,6.65,5,2.7
39,9,14.35,5,3.95
13,5,6.8,4,2.85
40,6,14.1,7,3.5
26,9,9.95,4,3.6
13,5,6.9,4,3.05
23,8,9.95,4,2.95
18,9,7.95,3,3.15
18,9,8.3,3,3.0
12,4,7.1,3,2.75
16,5,8.15,4,2.8
11,4,6.05,3,2.7
42,12,13.9,7,3.3
32,9,11.55,5,3.65
18,7,9.1,3,2.8
32,6,12.4,5,3.45
29,9,11.9,6,3.45
18,8,9.2,3,3.15
10,4,5.95,3,2.7
16,7,8.75,3,3.0
12,6,6.95,3,2.7
39,10,13.3,4,3.35
22,4,10.25,8,3.2
22,10,9.55,5,3.1
27,9,10.65,4,3.35
18,7,8.65,5,2.65
17,6,7.95,3,3.0
33,9,12.85,4,3.4
31,11,11.1,5,3.7
31,8,12.35,4,3.45
26,7,10.85,5,3.4
41,9,14.8,5,3.85
38,7,13.65,7,3.5
39,7,13.45,4,3.55
41,8,14.75,5,3.65
24,11,10.1,3,3.3
11,5,5.85,3,2.65
29,7,11.85,5,3.7
44,7,15.15,6,3.4
15,3,7.55,11,2.95
10,5,5.85,4,2.75
19,8,9.1,4,2.95
25,7,10.7,4,3.45
14,5,7.1,4,2.95
22,5,9.5,5,3.15
16,5,7.9,5,3.05
51,11,15.55,8,3.6
16,5,8.0,5,3.05
44,10,13.75,5,3.7
26,7,10.4,5,3.4
16,7,8.15,4,2.85
21,8,8.45,3,3.6
36,11,14.2,5,3.25
30,8,12.0,5,3.15
11,4,7.05,4,2.55
17,5,8.2,4,3.1
16,7,7.45,4,2.85
26,10,11.5,3,3.2
20,4,9.5,6,3.1
38,8,12.15,6,3.6
19,5,8.9,7,3.15
25,5,10.55,6,3.5
29,9,11.35,4,3.55
16,5,8.3,3,2.6
56,10,16.4,5,3.95
43,8,14.55,4,3.75
17,6,8.15,3,3.15
27,10,10.6,4,3.25
19,8,8.75,3,2.9
39,7,13.5,5,3.65
23,11,9.85,4,3.3
24,9,10.6,4,3.1
16,7,8.25,4,2.75
16,9,8.6,3,2.95
18,5,8.45,5,3.2
20,8,8.7,4,3.15
21,9,9.2,4,3.25
25,5,10.3,7,3.4
34,9,12.45,5,3.55
37,6,13.65,6,3.2
32,5,13.95,7,3.4
19,7,8.55,4,3.2
30,7,11.45,5,3.45
8,4,5.15,4,2.2
10,5,6.1,3,2.55
19,7,8.95,5,3.05
26,10,10.75,6,3.35
35,7,12.05,6,3.6
10,4,6.25,4,2.35
30,6,10.8,5,3.5
15,6,8.25,3,3.1
23,7,9.15,5,3.4
27,6,10.55,5,3.15
28,8,10.1,4,3.6
16,5,8.45,4,2.8
15,6,7.75,4,3.2
10,4,6.4,4,2.5
39,4,13.7,8,3.55
31,9,13.0,6,3.25
11,6,5.7,4,3.0
28,7,10.7,5,3.55
64,7,16.95,9,3.95
12,7,6.85,4,2.5
14,5,7.55,7,2.7
39,9,13.5,7,3.6
16,6,7.75,4,3.05
17,7,9.1,4,2.65
40,9,13.4,4,3.55
25,7,10.95,5,3.65
26,8,11.0,4,3.25
25,14,10.55,2,3.1
25,8,10.35,5,3.5
18,6,9.0,6,2.75
27,5,11.05,6,3.3
30,8,11.85,5,3.4
22,7,9.0,4,3.2
42,9,13.1,4,3.8
10,4,5.75,5,2.55
55,11,16.6,5,3.75
21,6,9.0,5,3.4
30,8,11.65,4,3.1
24,7,10.15,5,3.3
27,7,11.6,4,3.25
43,10,14.65,6,3.75
14,4,6.85,6,2.9
47,9,15.0,4,3.7
14,7,7.9,3,2.8
10,3,6.3,7,2.7
33,8,12.2,4,3.3
46,8,15.15,6,3.4
18,7,9.0,3,3.05
14,6,7.25,4,2.8
20,6,9.95,4,2.9
31,9,11.45,3,3.3
35,7,13.5,6,3.2
29,5,10.75,7,3.5
15,5,7.6,4,2.9
23,7,9.8,4,3.35
22,7,9.75,3,3.35
29,9,12.2,5,3.25
9,4,5.85,3,2.45
19,11,8.6,3,2.85
11,5,6.2,3,2.7
37,8,12.55,5,3.5
11,6,6.5,3,2.6
23,9,9.5,4,3.3
28,9,11.1,4,3.25
15,5,7.75,4,2.9
32,8,11.75,4,3.6
29,8,12.05,5,3.4
21,6,10.15,3,2.9
28,7,10.8,5,3.45
13,4,7.2,4,2.75
10,5,5.65,4,2.85
25,6,9.8,6,3.35
19,5,9.0,4,3.2
27,6,10.95,4,3.5
17,5,7.9,4,3.15
16,5,7.8,4,3.0
19,7,9.2,4,2.95
30,7,11.8,5,3.4
15,7,7.6,4,3.15
21,9,9.5,4,3.35
29,9,11.35,4,3.3
22,9,9.05,4,3.25
20,6,9.1,3,3.25
23,8,10.2,5,3.3
10,4,6.05,5,2.4
25,8,11.45,6,3.3
21,5,9.2,5,3.1
32,8,11.45,4,3.6
52,10,15.35,5,3.6
25,9,10.4,4,3.35
24,6,9.9,6,3.3
27,8,12.0,4,3.15
20,7,9.15,4,3.2
12,6,6.45,3,3.2
38,9,12.9,3,3.65
22,7,9.3,5,3.05
23,8,9.55,5,3.45
11,5,6.2,4,2.6
11,5,6.65,3,2.5
16,7,8.2,4,2.9
19,6,9.1,4,3.25
13,6,6.5,3,2.8
37,7,13.45,5,3.4
18,7,8.65,5,2.95
31,7,10.9,5,3.6
30,5,11.15,5,3.7
19,9,9.45,3,3.05
29,6,10.75,6,3.35
20,10,9.2,4,3.5
16,7,7.35,4,3.3
27,9,10.25,4,3.5
14,7,7.3,3,2.9
16,5,7.75,4,2.85
36,10,12.95,5,3.6
26,8,11.15,3,3.25
17,5,8.0,5,2.95
14,5,7.1,3,3.0
13,5,6.95,4,3.1
16,7,7.4,4,3.05
16,6,7.95,4,3.0
31,9,12.2,6,3.3
15,6,7.8,4,2.85
45,7,15.6,6,3.7
19,6,9.15,3,2.85
45,6,15.55,7,3.5
21,6,9.15,4,3.3
22,6,10.4,3,3.35
40,10,14.15,5,3.8
28,8,11.55,4,3.3
30,9,12.4,5,3.5
39,8,13.05,5,3.7
13,5,6.6,3,2.75
20,7,9.6,4,3.05
24,9,10.65,4,3.2
13,5,7.05,5,2.85
17,5,8.8,5,3.15
22,7,10.45,3,2.9
24,6,9.4,5,3.45
13,3,6.55,5,2.75
8,5,5.5,2,2.35
9,5,5.5,4,2.35
32,7,11.65,8,3.55
21,10,9.1,3,3.1
30,7,11.75,6,3.5
49,8,16.7,5,3.55
9,5,5.45,5,2.4
25,11,9.9,3,3.5
14,7,7.8,3,3.0
15,5,7.75,4,2.85
46,7,14.65,7,3.6
35,8,12.2,6,3.5
23,8,9.3,4,3.3
64,10,17.85,6,4.1
39,9,13.0,5,3.65
26,9,9.45,6,3.25
31,8,12.4,4,3.55
9,3,5.6,5,2.65
50,8,14.75,5,3.7
44,15,14.3,5,4.0
18,10,8.55,4,3.4
27,10,11.45,4,3.3
23,6,10.2,4,3.3
22,6,10.2,5,3.3
18,6,8.45,4,3.1
9,4,5.4,3,2.4
21,7,9.0,5,3.3
14,7,7.2,4,2.75
13,5,7.45,4,2.7
19,9,9.2,3,2.9
23,6,10.4,3,3.3
40,6,14.35,6,3.75
29,11,11.6,4,3.35
10,4,5.95,3,2.45
32,10,12.6,6,3.35
24,8,10.15,4,3.1
20,6,9.4,3,2.95
20,7,10.2,4,3.0
34,12,12.55,4,3.55
26,7,10.65,5,3.35
22,6,9.15,5,3.2
26,6,10.85,5,3.15
14,4,7.4,4,2.95
32,8,11.4,4,3.8
23,7,10.15,4,2.8
11,6,6.6,3,2.8
53,7,15.65,7,3.9
19,6,9.15,4,3.1
47,9,14.0,5,3.6
14,4,7.55,5,2.8
38,11,13.85,5,3.6
15,4,7.85,6,2.7
28,7,11.75,5,3.4
16,6,8.45,5,2.75
17,5,7.8,6,3.1
22,11,9.9,4,2.95
24,5,9.85,5,3.05
14,8,8.0,3,2.85
12,5,6.55,4,2.6
55,11,16.4,5,3.85
11,5,6.4,3,2.45
17,7,8.9,4,2.9
16,5,8.05,6,2.9
13,5,6.9,5,2.9
16,7,8.0,4,2.65
8,4,5.35,4,2.4
14,8,7.75,3,2.65
10,6,5.95,3,2.45
27,6,11.9,5,3.65
26,10,11.45,4,3.3
23,7,10.45,5,3.1
11,3,6.2,4,2.6
13,5,7.35,4,2.75
37,8,12.45,4,3.65
18,4,9.0,5,3.2
23,5,10.15,5,3.1
22,5,10.4,5,3.2
10,3,6.15,4,2.7
81,8,18.35,6,4.2
31,6,11.55,6,3.35
29,8,12.05,5,3.3
14,6,7.45,4,3.0
26,8,10.65,5,3.35
20,5,8.95,6,3.15
13,4,6.95,4,2.85
23,6,9.9,6,3.2
40,7,13.85,9,3.65
24,12,10.55,4,3.55
29,8,11.0,4,3.7
21,4,10.1,6,3.0
38,6,12.8,6,3.8
14,7,7.35,5,3.1
35,9,13.7,5,3.35
18,7,8.85,4,3.55
68,9,18.75,7,3.6
28,8,11.25,4,3.4
28,12,11.7,3,3.35
27,10,11.85,4,3.7
29,8,10.65,5,3.5
20,6,9.35,4,3.1
32,6,11.5,5,3.6
14,8,7.2,3,2.7
26,6,10.7,4,3.4
16,6,8.25,5,2.8
42,7,14.1,7,3.55
43,12,13.8,5,3.55
32,7,12.95,4,3.4
11,8,5.95,2,2.9
43,9,13.9,4,3.8
23,6,9.25,5,3.25
20,5,9.5,4,3.25
18,6,8.9,5,3.2
37,7,13.05,6,3.8
13,5,6.9,2,2.6
24,8,10.5,3,3.3
27,5,10.5,7,3.35
24,7,9.6,6,3.2
26,4,10.6,8,3.3
13,3,7.05,4,2.55
12,6,6.4,3,2.9
14,5,7.6,6,3.0
34,12,12.55,4,3.5
20,4,9.45,5,2.9
45,7,13.75,6,3.65
21,7,10.0,5,3.05
16,5,8.95,6,2.9
28,6,10.35,5,3.2
17,6,7.9,4,3.0
23,6,10.0,7,3.25
31,8,11.85,4,3.7
14,6,7.85,4,2.7
27,7,10.3,8,3.5
19,5,9.15,8,3.25
17,6,8.1,3,3.1
15,4,7.6,4,2.9
19,6,8.8,4,2.9
21,5,9.05,5,3.25
23,6,9.45,5,3.15
53,13,15.35,6,4.05
57,11,17.8,6,3.9
29,7,10.6,5,3.4
11,4,6.4,5,2.6
35,7,13.05,5,3.3
21,5,9.55,3,3.25
21,7,9.5,4,3.1
56,13,16.15,8,3.75
32,9,13.6,6,3.5
25,8,10.9,5,3.35
27,10,10.35,4,3.3
28,10,11.1,3,3.25
19,6,8.5,4,3.05
44,11,13.6,6,3.55
23,7,9.95,4,3.45
11,4,6.4,4,2.6
14,5,7.8,4,2.45
18,4,8.0,6,2.95
15,6,7.55,5,2.7
31,10,11.2,4,3.65
20,8,9.45,3,3.05
28,9,10.5,3,3.35
16,8,8.25,4,2.85
25,7,10.3,4,3.45
26,11,11.05,6,3.45
12,6,6.5,3,2.85
18,8,9.55,4,3.1
12,3,6.65,5,2.85
18,5,9.0,4,2.85
13,6,7.0,5,2.75
11,4,6.6,3,2.55
26,6,10.55,4,3.35
13,6,7.4,4,2.8
27,9,10.65,3,3.15
27,6,10.25,5,3.2
19,7,9.7,6,2.9
41,8,14.1,6,3.65
15,5,8.25,3,2.85
13,7,7.35,3,2.6
66,10,18.8,8,3.95
14,5,7.35,4,2.9
16,8,7.8,4,3.05
21,7,9.5,6,3.45
15,5,8.2,4,2.85
10,3,5.9,4,2.5
12,5,7.45,3,2.8
50,13,15.25,5,4.2
60,10,17.5,5,3.75
19,5,8.85,4,3.35
19,6,9.25,5,3.0
38,7,12.65,8,3.75
22,6,9.3,5,3.2
61,7,16.55,7,3.8
33,5,12.55,7,3.4
33,9,12.0,5,3.4
23,4,10.15,6,3.05
20,6,9.8,4,2.95
26,8,10.75,4,3.4
20,5,8.9,4,3.0
15,7,7.65,4,2.6
21,6,9.85,5,3.1
29,8,12.2,4,3.2
18,6,9.05,4,2.95
29,8,11.4,4,3.3
34,7,12.8,5,3.4
16,7,8.35,4,2.75
47,6,14.8,7,3.55
15,7,7.95,3,2.75
51,10,15.5,5,3.5
40,7,14.4,4,3.55
28,7,11.3,4,3.4
27,7,11.45,4,3.25
24,10,10.15,5,3.35
13,6,6.6,6,2.75
23,9,9.85,5,3.1
21,4,9.6,5,3.5
33,7,12.0,5,3.4
32,9,11.8,6,3.8
39,7,13.2,6,3.9
27,9,11.3,4,3.1
24,7,10.3,4,3.35
11,4,6.65,3,2.55
31,9,12.5,4,3.45
27,7,10.55,5,3.35
25,6,10.75,4,3.4
13,4,7.15,6,2.7
17,6,8.6,3,2.6
26,5,10.7,7,3.35
9,3,6.0,4,2.45
20,8,8.2,4,3.25
24,6,10.65,4,3.2
20,6,9.75,4,3.05
14,5,7.4,5,3.1
32,8,12.1,5,3.65
46,12,15.2,7,4.05
11,4,6.1,4,2.75
18,6,8.9,5,3.1
26,7,10.55,6,3.25
24,6,10.2,5,3.2
35,9,12.9,5,3.2
19,5,8.55,5,3.05
43,9,13.75,5,3.5
11,5,6.3,4,2.6
40,9,14.55,6,3.65
39,9,12.3,5,3.6
13,6,6.8,4,2.95
16,7,8.0,5,2.85
52,13,15.7,4,3.7
26,8,10.25,4,3.35
59,8,15.5,6,4.0
24,8,10.35,4,3.3
9,5,5.65,3,2.65
23,5,10.05,6,3.05
21,9,9.3,5,3.3
10,4,6.05,4,2.5
32,10,11.7,5,3.65
19,6,8.85,5,3.5
34,4,12.25,7,3.5
13,8,7.35,3,2.85
12,5,6.4,4,2.95
19,7,8.8,4,3.25
23,6,11.1,4,3.05
16,5,8.5,5,2.95
14,6,7.2,3,3.1
29,9,10.9,5,3.35
20,7,9.45,4,3.3
50,11,15.3,7,3.75
32,7,13.6,5,3.25
8,4,5.0,3,2.35
18,5,8.8,4,3.0
37,9,13.4,5,3.75
40,9,13.4,6,3.8
33,6,12.25,6,3.8
33,8,11.95,5,3.35
16,11,7.9,3,2.8
16,5,8.1,6,3.0
27,7,11.5,6,3.05
22,6,10.1,5,3.3
12,3,6.8,4,2.6
18,7,9.15,3,3.05
46,10,14.2,6,3.6
15,5,7.45,3,3.2
38,8,12.85,6,3.25
10,4,6.1,4,2.45
30,9,11.7,4,3.3
23,10,10.2,4,3.1
39,12,14.15,6,3.35
27,9,10.25,3,3.15
30,7,10.9,5,3.7
26,10,10.6,5,3.45
31,8,11.45,6,3.5
14,7,7.4,4,2.65
36,10,12.45,5,3.4
28,12,10.7,5,3.55
22,6,9.25,6,3.25
8,4,5.0,3,2.45
14,6,7.5,4,3.0
30,8,11.7,6,3.4
13,4,7.5,4,2.6
22,10,10.45,4,3.15
12,4,6.8,5,2.85
42,7,15.05,6,3.5
14,5,7.5,4,2.85
22,9,9.75,4,3.45
20,6,9.4,5,3.5
37,7,14.0,4,3.5
38,10,13.65,9,3.55
14,5,7.4,3,2.85
14,6,8.05,4,2.8
27,7,11.4,5,3.15
10,4,6.1,4,2.6
12,6,6.95,4,2.7
16,6,8.45,3,2.8
13,6,7.2,5,2.7
26,7,10.5,7,3.25
27,11,12.05,5,3.6
15,5,8.0,5,2.85
32,6,12.3,10,3.3
32,9,11.85,3,3.25
17,6,9.15,4,2.8
39,6,13.85,6,3.45
15,7,7.35,4,2.85
29,8,11.0,6,3.1
16,6,8.3,3,2.9
35,8,12.8,6,3.8
50,9,14.95,6,3.9
23,7,10.2,4,3.0
13,5,6.9,6,3.0
17,6,8.65,5,2.9
39,13,14.0,5,3.65
14,5,7.4,3,3.05
29,8,10.9,6,3.5
21,9,10.4,4,2.9
14,6,7.1,4,2.85
17,6,8.35,5,3.05
16,6,7.8,6,2.95
30,5,11.9,6,3.5
69,8,17.4,7,4.2
45,6,13.55,9,3.45
31,6,12.55,7,3.45
42,9,14.95,7,3.85
42,14,13.05,4,3.55
17,5,8.7,5,2.95
29,9,11.4,5,3.5
19,6,8.35,7,3.2
34,9,12.7,4,3.45
17,7,8.35,4,2.9
18,7,8.65,3,2.8
15,7,7.4,3,3.3
35,10,12.3,5,3.7
16,8,7.95,3,3.0
20,9,9.65,4,3.1
17,7,8.95,3,3.4
27,8,11.6,5,3.2
39,9,15.4,5,3.3
20,5,8.7,4,3.3
9,5,5.75,4,2.5
22,10,10.1,3,3.5
11,6,6.45,4,2.55
16,4,7.65,5,3.25
15,5,7.8,4,3.0
33,7,12.65,5,3.8
34,9,13.95,4,3.35
13,6,7.05,3,2.75
11,5,6.75,3,2.35
18,7,8.55,3,3.1
22,6,10.65,4,3.3
30,9,11.15,4,3.45
20,6,8.0,4,3.45
18,5,8.9,4,3.1
51,11,15.95,7,3.95
15,5,7.75,4,2.9
15,5,8.1,4,2.65
43,11,14.85,7,3.4
38,10,12.75,4,3.7
23,7,10.05,5,3.15
14,6,7.45,4,2.95
43,11,13.75,5,3.65
23,9,9.8,3,3.45
15,6,8.05,3,2.75
18,8,9.55,4,2.55
28,8,11.45,4,3.35
21,4,9.7,6,3.3
22,7,9.85,5,3.1
18,6,8.5,4,3.05
37,9,13.55,4,3.65
40,10,13.15,5,3.65
26,6,11.2,4,3.2
45,5,15.0,6,3.75
25,8,11.1,5,3.55
14,4,7.5,4,2.75
28,8,12.05,6,3.1
18,5,9.2,5,2.9
24,7,9.8,6,3.25
27,8,10.95,5,3.35
13,6,7.0,3,2.75
55,8,18.7,7,4.15
29,7,12.3,5,3.6
50,7,16.45,7,3.65
38,6,13.55,4,3.85
35,10,12.2,5,3.6
30,13,10.9,4,3.6
27,6,11.05,6,3.45
43,7,13.15,6,3.85
19,5,9.55,5,3.2
98,11,22.15,6,4.0
49,12,14.5,5,3.6
20,6,9.95,5,3.05
24,5,10.85,7,3.25
16,7,7.95,4,2.8
32,7,11.1,6,3.65
11,4,6.7,5,2.65
23,10,9.55,3,3.15
23,9,10.05,3,3.1
26,7,12.1,4,3.1
28,8,11.05,4,3.4
25,6,11.35,4,3.25
18,6,8.1,5,3.2
18,8,8.55,3,2.85
11,5,6.15,4,2.8
13,5,6.95,6,2.75
11,5,6.2,3,2.85
31,8,12.35,4,3.75
37,10,13.15,4,3.15
17,6,7.7,5,3.2
15,6,7.75,3,3.0
79,13,21.1,4,4.0
11,5,6.55,4,2.65
25,6,11.35,5,3.05
21,8,9.05,4,3.35
40,8,13.45,6,3.65
45,8,15.6,5,3.6
17,5,7.95,5,3.15
20,4,9.25,5,3.35
23,5,9.55,5,3.6
18,6,9.35,4,2.95
20,6,8.5,4,3.3
34,13,12.25,6,3.55
23,6,9.3,7,3.1
12,4,6.55,7,2.8
34,8,13.45,6,3.15
58,11,17.55,6,3.7
22,10,9.4,3,3.2
34,9,12.5,5,3.55
37,9,15.05,5,3.65
14,8,6.7,4,3.25
13,8,6.7,4,2.45
30,7,11.65,5,3.45
20,9,9.95,5,3.2
30,7,10.75,5,3.4
27,6,11.25,6,3.1
23,7,9.95,5,3.35
42,7,14.55,4,3.6
70,13,19.65,6,3.75
24,8,10.5,3,3.25
74,8,20.2,7,4.2
51,11,14.75,3,3.65
14,5,7.55,5,2.85
49,11,14.8,6,3.85
30,9,12.05,4,3.6
20,9,9.4,4,3.05
24,8,9.9,5,3.5
26,10,10.4,3,3.55
16,8,7.6,3,2.9
26,7,10.35,5,3.75
24,8,10.0,5,3.35
24,5,10.4,7,3.35
18,6,8.3,5,3.25
27,9,10.75,5,3.2
10,6,5.75,3,2.55
20,6,9.8,5,3.05
36,9,13.3,5,3.45
14,6,7.4,4,2.75
32,11,11.7,4,3.35
42,7,13.65,6,3.6
12,5,7.25,4,2.55
17,8,8.5,3,3.0
31,9,11.85,4,3.65
30,11,12.45,5,3.4
36,8,12.55,5,3.95
19,7,8.4,3,2.9
25,8,10.55,4,3.4
14,6,7.35,3,2.85
19,6,9.6,4,3.05
17,8,8.75,4,3.1
31,6,11.4,5,3.4
10,3,5.8,5,2.5
53,9,16.45,7,3.7
26,8,11.35,5,3.5
44,8,14.1,4,3.75
59,12,16.95,4,3.9
10,6,6.05,4,2.35
26,9,11.15,4,3.45
20,7,9.15,4,2.95
26,8,11.2,5,3.15
30,6,11.55,7,3.2
9,4,5.15,4,2.65
16,5,8.2,5,2.7
25,7,10.45,6,3.3
37,8,12.75,6,3.7
53,12,16.4,4,4.0
23,7,9.7,4,3.25
24,9,10.45,5,3.2
29,7,11.95,4,3.2
28,11,11.65,3,3.3
23,7,9.3,4,3.85
17,6,7.95,6,2.75
22,11,10.15,4,3.1
21,6,10.05,5,3.0
19,6,9.4,4,3.05
37,7,14.65,6,3.5
14,5,7.05,4,3.45
35,8,13.3,7,3.3
14,7,7.3,4,2.95
22,10,9.15,3,2.95
17,7,7.9,3,2.95
29,8,11.75,6,3.3
21,10,9.1,3,3.1
9,6,5.6,3,2.6
23,7,10.4,5,3.75
11,3,7.25,7,2.5
33,9,12.3,4,3.2
15,8,7.7,3,2.95
15,5,7.35,5,3.05
12,4,6.75,5,3.15
26,6,11.4,4,3.4
32,10,11.95,4,3.55
27,5,10.6,4,3.5
15,5,7.0,5,3.0
16,6,8.15,5,2.9
16,6,7.45,5,2.95
27,7,10.55,6,3.2
16,5,8.35,5,2.7
30,9,11.25,5,3.35
34,7,11.6,4,3.45
26,9,9.7,4,3.25
37,13,11.85,3,3.8
24,9,10.35,3,2.85
25,6,9.65,7,3.25
28,9,10.9,5,3.55
17,8,8.35,3,3.25
15,5,8.2,4,2.8
26,10,11.25,4,3.15
11,6,6.55,3,2.75
17,6,8.35,4,2.95
14,7,8.0,5,2.8
11,4,6.6,3,2.65
10,5,6.5,4,2.65
21,7,9.15,4,3.25
21,6,9.9,5,2.95
16,5,7.55,4,3.1
18,4,7.95,6,3.1
9,5,5.85,3,2.45
11,5,6.6,3,2.45
27,6,11.4,4,3.4
14,4,7.15,4,3.1
17,5,8.9,5,2.9
52,12,16.15,6,3.65
21,8,9.3,6,3.15
18,6,8.55,4,2.9
20,7,8.95,3,3.1
22,5,11.0,6,2.9
31,8,11.75,4,3.55
31,6,11.85,6,3.6
25,8,10.8,5,3.35
27,7,10.8,4,3.15
19,5,9.3,6,2.75
58,6,16.2,8,3.8
29,8,10.9,6,3.35
73,10,18.0,6,4.2
22,7,9.1,7,3.6
11,4,6.55,4,2.7
11,6,6.25,2,2.6
20,6,10.45,4,2.95
48,6,15.05,10,3.45
20,7,9.1,3,3.05
13,4,6.95,3,2.75
17,6,8.25,3,3.0
18,6,8.45,4,2.95
26,7,11.3,4,3.25
36,8,12.8,4,3.5
13,4,7.7,4,2.55
23,6,9.65,7,3.65
28,9,11.0,4,3.45
46,9,15.65,6,3.75
30,6,11.55,5,3.4
15,6,7.9,4,2.8
44,8,14.8,5,3.75
18,8,9.0,4,3.05
20,7,9.8,5,2.95
35,6,12.4,7,3.6
41,11,14.8,5,3.25
53,8,15.45,5,3.6
33,7,12.7,4,3.4
29,8,11.6,4,3.65
17,7,8.45,4,2.95
47,14,16.05,4,3.55
23,8,11.0,5,3.15
52,8,16.6,6,3.45
32,8,12.25,5,3.15
19,5,8.9,6,3.2
23,11,10.05,4,3.3
21,5,9.9,7,3.25
12,4,6.45,5,2.55
26,8,10.2,4,3.35
13,6,6.45,3,2.9
28,10,11.05,3,3.6
18,7,8.45,5,3.15
26,7,11.25,3,3.25
26,6,11.3,6,3.15
13,5,7.1,4,2.9
21,5,9.1,6,3.45
42,11,14.15,7,3.6
20,9,9.15,3,3.25
13,5,7.3,5,2.8
61,8,17.75,4,3.85
29,6,11.35,4,3.45
29,10,11.4,4,3.15
10,5,6.05,3,2.45
23,7,10.35,4,3.05
13,6,6.7,3,2.9
20,6,8.7,3,3.05
32,9,11.8,3,3.55
15,5,7.85,4,2.7
10,5,5.3,3,2.9
40,9,13.5,5,3.7
30,8,10.85,5,3.8
17,8,7.75,4,3.35
13,6,7.0,3,2.8
37,8,12.95,4,3.65
24,7,10.0,5,2.8
13,3,6.55,5,2.95
25,8,10.4,6,2.95
20,6,8.95,5,3.25
27,9,11.8,4,3.25
11,7,6.6,3,2.6
34,8,13.6,7,3.25
9,4,5.7,3,2.5
15,6,7.8,4,3.25
14,5,7.5,3,2.8
51,13,16.1,5,3.75
31,5,11.95,5,3.45
14,4,7.1,6,3.0
11,5,6.15,4,3.0
30,7,11.75,5,3.2
24,8,10.05,4,3.3
29,11,12.25,5,3.4
23,7,9.65,6,3.05
21,7,9.0,5,3.3
15,5,7.95,5,2.7
10,6,6.1,3,2.45
16,7,8.2,3,2.9
15,6,7.2,5,2.9
15,5,7.8,3,2.65
15,6,7.85,3,2.95
34,10,12.2,4,3.55
11,6,6.45,2,2.65
32,7,12.2,6,3.55
14,5,7.9,4,3.0
25,6,10.55,6,3.5
40,8,13.7,6,3.7
25,6,10.35,4,3.3
16,5,7.75,5,3.05
20,5,9.05,7,3.2
49,8,14.75,5,4.0
20,8,9.35,4,3.05
14,6,7.4,4,3.0
16,7,7.5,4,2.9
28,7,10.6,5,3.4
60,11,17.3,6,4.05
17,6,8.2,3,3.1
11,4,7.0,5,2.25
38,9,14.05,5,3.4
22,7,9.7,4,3.1
18,6,8.65,3,3.3
14,7,7.7,3,2.95
8,3,5.45,5,2.35
36,7,13.7,5,3.4
15,9,7.2,4,3.0
46,9,14.55,6,3.55
34,10,11.6,6,3.35
15,5,8.25,3,2.9
36,10,12.5,5,3.35
20,5,8.85,6,3.2
41,8,13.85,5,3.65
30,8,10.4,4,3.4
64,9,18.4,5,3.65
28,6,11.3,6,3.3
15,4,7.45,5,3.0
19,6,9.15,6,2.9
39,11,13.55,6,3.5
40,8,14.5,5,3.6
52,12,16.05,4,3.7
22,5,10.1,6,3.2
12,5,6.7,3,2.75
30,7,12.65,4,3.45
17,6,8.3,4,3.0
28,8,11.2,5,3.45
12,6,6.7,3,2.65
28,6,10.25,5,3.5
16,7,7.8,3,3.0
13,4,6.95,4,2.95
21,6,9.0,3,3.05
37,10,13.35,6,3.6
33,5,12.75,7,3.5
30,7,12.25,5,3.4
48,9,14.9,5,4.0
48,11,14.3,5,3.65
23,5,10.05,6,3.05
17,7,8.1,4,3.15
57,13,18.3,5,3.7
17,5,8.4,5,3.05
16,6,8.35,4,3.05
20,9,9.4,3,3.25
19,6,9.25,4,3.4
68,8,19.2,6,3.75
44,9,13.85,4,3.75
13,6,6.9,3,3.05
30,10,11.6,4,3.6
29,7,11.15,4,3.6
21,8,9.5,4,3.2
20,6,8.9,5,3.05
20,10,9.2,4,3.0
24,10,10.6,4,3.2
28,9,11.0,5,3.5
44,6,15.55,7,3.75
18,7,8.5,5,3.0
14,6,6.75,5,2.65
25,5,10.65,8,3.3
19,4,8.65,8,3.1
15,5,7.55,4,3.2
35,9,13.75,3,3.5
36,13,13.3,5,3.55
66,12,17.35,8,3.75
12,7,6.35,3,2.8
57,11,17.25,4,3.95
29,9,11.95,5,3.2
34,8,11.9,5,3.55
45,16,13.65,3,3.2
11,5,6.65,3,2.45
31,6,12.85,4,3.35
21,7,9.7,4,2.9
22,7,9.55,5,3.4
25,5,10.6,7,3.3
21,6,8.95,5,3.15
31,7,13.3,6,3.35
46,15,15.7,5,3.55
10,4,5.95,3,2.6
50,8,16.1,6,3.75
19,5,9.75,5,2.9
15,5,7.95,3,3.1
13,4,6.9,5,2.65
31,13,11.3,4,3.35
16,6,8.05,4,3.15
15,8,7.55,3,2.75
20,7,9.55,4,3.1
24,8,10.25,8,3.1
37,9,14.05,4,3.35
12,5,7.25,4,2.75
41,9,13.0,6,4.05
10,4,6.05,4,2.6
69,14,18.3,6,4.0
13,5,6.95,6,2.9
21,7,9.75,5,3.5
52,9,14.4,8,3.95
28,9,11.5,5,3.35
27,10,11.25,5,3.3
34,9,12.65,4,3.35
50,11,16.65,6,3.65
44,11,13.85,4,3.7
10,7,6.15,2,2.5
36,9,13.0,4,3.75
23,9,9.65,4,3.2
38,8,14.1,5,3.2
30,6,11.1,8,3.25
13,5,7.25,4,2.6
15,6,7.55,3,2.85
22,6,9.45,6,3.25
9,4,5.55,3,2.55
15,6,7.75,4,3.0
22,6,9.45,5,3.05
25,6,10.3,6,3.4
25,7,10.55,5,3.5
28,6,11.65,7,3.1
14,5,7.45,4,3.0
16,5,8.9,5,2.7
23,6,9.7,6,3.4
70,12,19.6,5,4.2
18,6,8.7,5,2.9
34,8,13.75,6,3.05
14,8,8.3,3,2.55
12,5,6.85,4,2.95
42,9,14.2,5,3.6
32,10,13.7,5,3.4
21,8,9.35,4,3.15
44,8,13.5,5,3.6
59,10,18.2,6,4.2
12,7,6.55,3,2.7
40,10,13.05,4,3.45
30,12,13.0,5,3.35
16,6,8.1,3,3.0
19,6,8.7,4,2.95
16,7,7.95,3,2.9
20,8,9.9,3,3.0
19,8,9.0,4,3.3
25,5,11.45,5,3.2
90,11,20.45,8,4.2
33,8,12.45,6,3.75
22,8,9.75,5,2.95
10,6,6.1,2,2.65
29,9,11.05,4,3.65
12,6,6.3,4,2.7
14,7,7.15,4,2.95
35,9,12.5,4,3.65
29,7,11.3,5,3.4
31,8,11.8,6,3.45
18,8,8.5,3,3.45
14,7,7.45,3,2.9
25,7,9.9,3,3.15
14,7,7.2,4,3.0
17,9,8.45,4,3.25
19,7,8.7,4,3.2
30,6,11.0,4,3.7
27,6,10.7,6,3.65
10,5,5.85,3,2.45
10,6,5.6,2,2.45
10,5,6.0,4,2.4
19,7,9.35,3,2.95
17,5,8.5,4,2.95
28,7,12.5,3,3.35
15,6,7.75,4,2.8
37,9,12.6,5,3.75
47,11,15.45,6,3.8
26,9,10.55,5,3.3
34,10,11.7,4,3.8
9,4,5.75,4,2.6
13,8,6.9,3,2.9
33,8,12.4,5,3.55
16,8,8.0,4,2.9
44,11,14.65,4,3.7
20,5,9.65,4,3.1
19,6,8.85,5,3.0
11,5,6.15,4,2.5
14,9,6.85,4,3.2
13,6,6.65,4,2.75
16,9,8.5,3,2.7
18,6,8.7,4,3.0
9,5,6.25,3,2.3
22,6,10.4,6,3.0
23,7,9.55,4,3.4
13,6,7.65,3,2.65
18,7,7.9,4,3.4
24,10,11.3,4,3.2
10,3,6.75,6,2.3
50,10,16.05,4,3.75
21,10,9.55,3,3.15
11,4,6.65,5,2.45
24,7,10.05,7,3.3
14,8,7.4,3,2.9
16,7,8.25,3,3.1
28,7,10.4,3,3.55
28,8,11.0,4,3.25
34,8,12.75,4,3.75
48,13,14.95,4,3.95
17,5,7.75,7,3.2
20,8,9.45,4,3.1
65,15,16.5,6,3.95
18,7,9.0,4,2.95
24,8,9.35,5,3.2
37,9,12.7,4,3.5
21,6,10.1,4,2.95
27,8,11.5,6,3.0
26,7,11.2,4,3.65
24,6,9.7,6,3.4
15,7,7.2,3,3.05
33,7,12.15,5,3.65
8,6,5.25,2,2.55
22,7,9.1,4,3.3
15,6,7.95,6,2.85
22,8,9.25,5,3.2
15,5,7.55,4,2.85
16,10,7.7,2,2.95
37,6,13.15,5,3.65
12,5,6.85,4,2.8
30,10,11.9,4,3.4
10,5,5.75,3,2.55
17,5,9.0,4,2.7
13,6,7.85,3,2.55
42,9,13.9,5,3.5
36,11,13.0,4,3.5
19,7,8.8,4,3.35
15,5,8.2,6,2.65
21,7,9.85,4,3.3
18,5,8.7,5,2.9
19,5,8.85,6,3.0
18,6,9.2,4,3.05
20,4,9.15,5,3.0
42,15,16.45,4,3.65
16,7,8.85,4,2.7
44,7,14.3,5,3.5
9,4,5.95,3,2.35
14,6,7.9,3,2.55
18,5,8.45,5,2.8
43,13,13.95,5,3.9
36,9,12.4,6,3.7
28,8,12.6,4,3.2
16,4,8.4,5,2.75
21,8,8.9,5,3.35
12,8,6.65,2,2.85
27,13,10.95,4,3.5
16,6,8.1,4,2.95
14,5,7.4,4,2.6
12,7,6.7,4,2.6
36,9,12.65,5,3.7
26,7,11.4,8,3.2
12,5,6.45,3,2.75
14,5,7.45,6,3.0
18,7,8.7,4,3.25
14,8,7.55,2,2.85
13,5,7.1,3,2.75
21,6,9.3,5,3.4
19,11,9.3,3,3.25
13,6,7.05,4,3.05
14,6,7.2,5,2.95
10,5,5.8,3,2.7
37,9,13.85,4,3.5
25,6,10.2,7,3.35
23,6,9.5,6,3.1
36,6,12.1,6,3.9
31,11,12.35,4,3.0
27,6,10.95,5,3.3
9,6,5.9,3,2.2
10,4,5.9,4,2.7
17,10,8.95,3,3.0
24,7,9.55,4,3.3
16,7,8.3,3,2.8
16,7,7.55,3,3.15
22,6,10.0,4,3.2
15,7,7.05,3,2.9
40,14,13.2,4,3.4
18,5,8.6,4,3.0
48,9,15.55,7,3.55
26,11,10.6,3,3.65
49,7,16.15,7,3.6
33,10,12.3,4,3.45
21,11,9.5,4,3.25
16,10,8.5,2,2.9
15,8,7.75,4,2.8
15,5,7.85,6,2.9
15,5,7.7,4,2.85
18,7,8.9,4,2.9
14,6,8.15,3,2.7
13,5,6.7,4,3.1
11,4,6.85,4,2.55
12,6,6.55,5,2.55
16,7,7.95,4,2.8
32,10,12.85,5,3.5
24,6,9.6,4,3.25
34,6,12.0,5,3.6
16,6,8.5,4,2.9
15,6,7.5,3,3.05
11,6,6.1,4,2.95
25,7,10.05,4,3.4
19,7,8.8,4,3.0
29,10,11.6,5,3.55
12,5,6.2,4,2.8
23,8,10.65,4,3.1
23,6,9.35,5,3.1
14,7,7.9,4,2.65
68,10,17.75,8,3.9
14,6,8.0,5,2.7
30,8,10.95,6,3.7
18,5,8.6,4,2.95
17,4,8.15,4,3.05
20,6,9.8,4,3.2
22,9,10.7,5,3.05
12,4,7.2,3,2.8
14,6,7.5,4,2.9
20,8,9.5,4,2.85
20,7,9.7,3,3.1
19,8,8.0,4,3.15
26,8,10.7,3,3.45
21,8,10.55,5,2.95
15,8,7.85,4,3.0
38,10,12.85,5,3.8
15,8,7.95,3,3.2
12,4,7.15,5,2.65
17,8,8.25,3,3.2
40,10,12.95,5,3.6
43,10,14.55,5,3.6
14,4,7.95,4,2.55
34,9,11.6,4,3.5
10,4,6.55,4,2.5
20,9,8.95,4,3.1
16,7,7.0,3,3.35
9,4,5.65,5,2.6
41,14,13.5,4,3.55
13,4,6.45,5,2.95
13,6,7.2,3,2.85
45,8,13.85,4,3.65
25,7,10.6,5,3.3
22,7,9.8,5,3.25
10,5,5.9,3,2.55
70,8,19.2,5,3.75
37,7,13.9,8,3.65
19,10,9.95,4,3.15
33,5,11.4,5,3.35
26,6,11.15,7,3.35
20,6,10.15,4,3.1
40,9,13.7,7,3.8
28,8,10.8,6,3.3
35,8,13.25,6,3.45
18,9,9.2,3,3.1
34,10,12.55,4,3.45
15,7,7.9,6,3.15
13,6,6.45,3,3.0
24,9,10.4,8,3.65
24,6,10.4,4,3.0
12,5,7.1,4,2.7
43,11,14.8,7,3.55
18,7,8.5,4,3.0
42,8,13.75,6,3.75
20,7,8.6,3,3.45
22,9,10.35,6,3.0
17,6,8.4,4,2.95
37,9,13.8,4,3.6
18,5,9.15,5,3.25
20,5,9.6,4,2.95
17,6,8.65,6,2.65
28,5,10.85,6,3.3
24,8,9.75,4,3.2
17,6,8.2,5,3.0
53,9,14.95,4,3.7
17,7,8.85,4,2.9
20,8,9.95,8,2.85
59,6,16.9,7,3.95
33,10,12.7,5,3.45
10,3,5.8,5,2.65
23,9,9.85,6,3.35
11,6,6.45,4,2.85
21,6,10.5,4,2.85
10,4,5.95,3,2.7
23,7,10.75,6,3.25
23,6,10.1,5,3.15
21,8,10.05,4,3.1
61,7,16.4,7,4.05
13,4,6.4,4,2.8
23,8,9.85,4,3.3
47,8,14.5,7,3.75
18,9,9.6,3,3.05
75,9,20.0,8,3.9
35,6,13.45,7,3.55
17,4,8.6,5,3.25
14,5,7.25,4,2.75
13,5,6.85,5,2.8
12,4,7.1,3,2.55
24,6,9.8,5,3.3
28,7,11.5,4,3.35
12,5,6.7,3,2.95
12,5,6.85,4,2.9
29,8,11.0,5,3.75
13,5,7.4,4,3.05
42,8,14.45,7,3.65
30,8,12.25,4,3.3
36,13,13.1,4,3.5
44,6,15.3,8,3.6
16,4,8.25,5,2.95
24,9,10.05,5,3.2
18,5,8.95,4,2.65
26,8,10.35,4,3.3
26,8,11.45,4,3.3
38,9,13.4,5,3.6
29,9,11.95,4,3.4
30,9,12.25,4,3.5
17,7,8.6,5,3.1
10,4,6.35,4,2.3
23,11,9.8,4,3.45
23,7,9.95,4,3.4
111,16,25.1,8,4.3
19,7,8.35,4,3.45
26,7,10.95,5,3.3
18,5,8.4,9,2.8
33,9,12.6,4,3.4
27,9,10.95,4,3.25
44,12,15.65,5,3.75
24,8,10.8,4,3.15
15,7,8.15,4,2.9
12,4,6.85,5,3.0
47,11,14.95,7,3.75
74,11,19.2,6,3.8
16,6,7.65,5,2.95
19,7,8.8,4,3.25
33,10,12.8,4,3.3
17,7,8.95,4,3.1
16,6,7.85,4,2.9
23,11,10.4,4,3.2
14,6,6.95,3,3.0
21,10,10.15,4,2.95
15,6,8.6,4,2.7
26,6,10.7,4,3.15
20,7,9.95,4,3.0
29,6,11.9,6,3.45
36,8,12.5,4,3.7
20,5,9.5,5,3.15
13,5,6.75,4,2.85
37,8,13.55,5,3.85
34,9,11.45,4,3.7
16,7,7.85,3,3.05
14,4,7.55,4,2.95
24,6,10.45,9,2.9
23,8,10.1,5,3.4
39,7,13.65,7,3.3
21,6,8.75,5,3.3
24,9,10.05,4,3.25
15,5,8.1,3,2.75
16,9,8.35,3,3.2
38,13,11.95,5,3.7
16,8,7.85,3,2.9
35,7,14.25,6,3.7
17,8,7.3,4,3.15
16,6,8.6,5,3.0
29,9,11.65,5,3.45
12,5,6.25,4,2.65
56,11,15.45,4,3.75
27,9,10.55,3,3.35
40,8,14.0,6,3.5
20,10,9.8,3,3.1
21,7,9.8,6,3.2
25,10,9.75,3,3.4
43,7,14.2,7,3.9
18,4,8.55,6,3.15
33,8,11.7,4,3.2
25,8,10.2,4,3.4
29,6,11.95,5,3.2
18,8,8.05,3,3.2
21,7,9.5,5,3.35
28,9,11.75,3,3.4
11,5,6.45,4,2.6
33,6,12.7,6,3.3
33,9,12.6,4,3.15
44,11,15.25,7,3.55
16,8,7.75,3,2.95
14,7,7.15,6,2.65
10,4,6.1,4,2.35
11,5,6.0,4,2.75
15,4,7.9,4,2.85
15,4,7.45,4,3.3
9,4,5.35,3,2.55
45,8,15.25,5,3.65
28,8,10.85,6,3.45
10,6,6.15,3,2.65
29,10,13.3,6,3.4
22,8,9.45,5,3.0
21,7,9.1,4,3.3
16,5,8.25,4,3.05
20,9,9.9,3,3.05
16,6,8.25,4,2.9
19,7,9.15,3,2.85
13,5,6.65,5,2.8
10,5,6.1,2,2.35
36,11,13.15,4,3.4
22,7,10.35,6,3.2
27,8,11.25,4,3.4
29,7,11.0,6,3.85
9,4,5.75,4,2.7
21,8,9.4,4,3.05
19,5,9.05,5,3.25
11,6,6.3,3,2.8
41,8,15.75,5,3.35
15,7,7.6,5,3.15
23,5,10.3,5,3.05
23,5,9.85,5,3.25
37,9,12.4,6,3.6
18,5,9.05,4,2.85
69,9,18.0,6,3.95
37,10,13.0,6,3.65
19,4,9.05,5,3.4
62,6,17.3,10,3.7
38,7,12.65,5,3.7
22,7,9.4,4,3.2
34,7,11.8,7,3.65
18,7,9.1,3,3.0
34,9,12.35,4,3.55
14,4,6.65,4,2.8
21,7,10.6,3,2.8
68,11,18.65,5,4.0
40,12,14.35,4,3.5
18,4,8.8,6,3.0
34,8,12.85,5,3.55
24,6,9.8,4,3.25
12,4,6.95,4,2.85
21,6,9.9,7,3.25
12,5,6.65,3,2.8
30,8,10.75,3,3.8
28,5,11.2,8,3.55
35,11,12.2,8,3.5
13,6,7.05,4,2.8
40,6,14.35,6,3.75
9,4,5.4,3,2.4
16,7,8.3,4,2.85
16,9,7.95,3,3.2
16,6,8.0,4,2.9
57,11,17.2,6,3.7
56,14,17.1,4,4.2
53,11,15.65,5,3.75
41,5,13.9,6,3.55
13,4,6.3,3,3.2
37,8,13.75,5,3.45
25,9,10.1,4,3.1
18,6,8.35,6,3.25
24,6,10.2,5,3.2
28,6,11.9,5,3.4
23,10,9.45,3,3.35
23,9,10.55,3,3.05
26,8,10.7,5,3.4
48,8,15.55,5,3.7
50,7,15.45,10,4.1
15,7,8.05,3,2.75
26,8,11.2,4,3.45
25,9,10.7,3,3.05
78,8,19.35,8,4.25
24,6,10.05,5,3.1
19,5,9.25,6,3.1
13,4,6.75,7,2.85
14,5,7.6,4,2.85
8,4,4.85,4,2.25
27,8,9.9,6,3.45
17,4,8.5,6,3.25
14,5,7.45,3,2.95
70,11,18.95,6,3.95
19,6,7.65,4,3.2
22,6,9.55,4,3.0
32,10,10.95,5,3.4
31,7,11.45,5,3.5
30,7,11.6,6,3.65
29,8,10.9,4,3.35
46,9,15.45,5,3.8
28,9,11.05,3,3.25
25,10,9.7,3,3.35
38,9,12.3,6,3.3
43,7,14.8,6,4.1
20,6,8.55,4,3.2
16,6,8.3,4,3.1
23,7,10.6,5,3.15
19,6,9.2,8,2.95
39,10,13.1,4,4.05
17,6,8.5,5,3.1
60,11,16.45,6,3.85
19,5,9.35,4,3.05
28,6,11.45,6,3.15
13,4,7.65,4,2.6
19,6,8.95,5,3.05
39,7,13.35,8,3.55
37,9,12.55,5,3.55
15,4,7.8,5,3.15
19,7,9.4,3,2.75
28,8,11.35,4,3.25
32,9,11.1,4,3.55
18,6,8.85,4,2.95
21,5,8.9,5,3.0
41,10,14.5,6,3.55
33,6,13.25,5,3.45
21,6,8.95,6,3.3
24,9,9.75,4,3.35
49,9,15.3,10,3.65
26,8,9.95,4,3.35
22,6,9.5,4,3.25
17,7,8.2,4,3.0
12,4,6.95,4,2.7
53,8,18.05,6,3.6
14,6,7.65,6,2.8
41,9,14.5,5,3.6
19,6,8.65,5,3.15
32,7,12.15,6,3.55
15,5,7.6,5,3.1
20,6,9.55,4,2.7
32,12,12.25,5,3.25
25,6,10.1,6,3.4
13,4,7.0,4,2.65
21,6,9.5,5,3.35
16,7,7.8,4,3.0
27,9,10.95,5,3.25
15,4,7.5,4,2.75
33,9,12.35,4,3.5
15,6,7.6,6,3.0
40,8,12.65,6,3.9
14,4,7.55,4,2.7
48,11,15.35,4,3.95
28,6,11.1,5,3.3
27,8,11.0,4,3.25
35,6,11.4,5,3.75
38,6,13.1,7,3.65
7,3,4.95,5,2.15
24,9,9.85,4,3.15
42,10,14.25,6,3.85
30,7,12.15,4,3.45
34,7,11.95,6,3.85
24,9,10.2,3,3.3
14,8,7.5,3,2.8
8,4,5.45,3,2.45
25,8,10.5,5,3.3
18,8,9.45,4,3.15
13,6,6.75,5,2.65
16,7,7.85,3,2.9
29,11,11.3,3,3.5
22,10,9.2,6,3.3
9,5,5.75,4,2.5
16,7,8.45,4,3.25
22,7,9.45,4,3.3
20,7,8.8,4,3.05
48,8,14.6,5,3.7
10,4,5.75,4,2.65
19,7,9.85,4,3.0
49,10,15.35,5,3.8
27,8,11.05,6,3.2
69,8,18.55,7,3.65
34,12,12.9,4,3.5
10,5,6.1,3,2.65
67,9,18.3,7,3.8
23,7,9.8,4,3.3
11,5,6.75,3,2.55
28,8,11.05,5,3.65
24,6,10.75,6,3.2
33,9,12.2,4,3.45
25,9,10.35,3,3.4
25,6,9.85,6,3.45
28,7,11.25,4,3.25
14,6,8.1,2,2.8
39,10,13.65,5,3.75
44,14,13.35,4,3.65
29,7,11.55,5,3.55
12,4,7.65,4,2.65
26,7,10.35,3,3.2
19,11,9.1,3,3.05
22,10,9.65,5,3.25
21,6,9.75,3,3.05
15,6,7.5,4,2.9
16,6,8.05,3,2.9
18,6,9.0,4,3.1
30,7,11.2,5,3.6
50,11,14.75,5,3.5
12,4,6.5,4,2.55
18,6,8.4,4,3.2
32,8,13.15,4,3.4
35,7,11.65,6,3.55
8,5,5.2,4,2.2
12,5,7.0,4,2.9
72,10,20.35,6,3.6
15,7,8.0,3,2.9
12,5,6.75,3,2.8
21,8,9.65,3,3.3
20,9,9.3,2,3.2
36,6,13.0,5,3.4
27,8,10.1,4,3.35
12,6,6.55,3,2.65
22,8,9.7,3,3.35
38,9,13.95,5,3.9
18,7,8.2,4,2.95
28,10,11.8,4,3.2
19,6,9.8,5,2.9
57,12,16.85,6,4.05
26,7,11.1,8,3.35
10,3,5.9,5,2.8
35,8,12.15,4,3.7
32,6,12.0,5,3.75
30,8,12.3,4,3.4
50,7,14.9,6,3.85
18,5,9.2,5,3.1
13,6,7.0,3,2.8
16,7,8.15,4,2.95
16,7,7.9,4,3.05
17,4,8.5,5,2.9
13,5,7.55,4,2.75
16,6,8.15,3,3.0
11,6,6.65,2,2.75
17,5,8.85,4,2.85
19,7,9.1,5,3.05
15,7,7.7,3,2.85
36,8,13.5,5,3.35
20,8,9.8,4,3.05
61,10,16.95,5,4.0
47,10,14.55,5,3.8
12,5,6.25,4,2.75
25,7,10.9,6,3.3
17,6,8.15,4,2.95
16,6,7.65,5,3.15
26,8,11.3,4,3.45
24,7,10.35,4,3.4
24,8,11.1,5,3.2
19,7,8.45,6,2.95
19,5,9.25,6,3.15
18,4,8.95,4,2.9
17,4,8.05,5,3.1
34,9,12.7,5,3.55
36,10,13.35,4,3.35
22,8,9.35,3,3.15
17,8,8.3,3,3.15
17,5,9.05,4,2.85
40,7,13.3,9,3.5
25,7,10.1,3,3.35
39,6,13.6,7,3.8
29,8,11.5,6,3.2
16,5,8.15,5,3.0
24,9,10.4,3,3.1
34,9,11.85,3,3.35
20,6,8.55,4,3.05
8,3,5.15,4,2.5
9,6,5.2,3,2.55
40,8,14.45,7,3.6
10,4,6.0,4,2.5
26,8,9.75,6,3.35
8,3,5.0,3,2.45
12,8,7.2,3,2.85
8,4,5.2,4,2.3
25,7,9.9,5,3.25
28,8,10.3,5,3.65
17,5,8.4,5,3.0
35,10,12.9,5,3.6
15,7,8.0,3,2.75
14,5,7.4,5,3.05
13,7,6.9,4,2.85
18,6,8.1,4,3.1
15,7,7.6,3,2.75
12,6,6.65,3,2.75
23,10,10.25,3,2.85
21,7,9.4,4,3.1
19,6,9.5,5,2.9
13,5,7.35,5,2.7
11,5,5.9,3,2.6
26,6,11.3,4,3.35
60,7,17.8,11,4.3
20,8,8.5,3,3.1
45,13,15.3,4,3.75
8,4,5.4,3,2.4
15,5,7.55,5,2.8
20,7,8.55,3,3.25
10,5,6.15,3,2.6
13,8,7.1,3,2.95
17,8,8.55,3,2.9
33,12,12.25,3,3.4
30,6,11.8,5,3.0
20,7,9.0,4,2.95
17,6,8.1,5,3.1
15,5,8.0,4,3.05
40,14,13.4,4,3.65
11,6,6.75,4,2.8
20,6,8.95,4,3.25
28,6,11.15,5,3.3
11,6,6.55,3,2.55
21,7,9.6,5,3.6
8,5,5.45,3,2.4
24,8,9.7,3,3.2
15,6,7.85,3,2.9
24,6,10.55,4,3.1
47,6,15.0,5,3.65
12,5,6.5,5,2.9
21,8,9.8,4,3.45
45,7,15.05,5,3.75
30,8,11.35,6,3.45
11,4,6.4,4,2.75
32,9,11.7,5,3.7
36,8,12.75,5,3.6
17,7,9.05,4,3.1
15,6,7.45,4,3.4
16,6,8.7,4,2.85
8,4,4.7,4,2.6
23,7,9.95,4,3.2
38,8,13.55,7,3.6
31,9,12.55,4,3.3
25,6,10.7,4,3.25
13,5,6.8,4,2.8
21,8,9.4,3,3.2
29,10,11.4,5,3.75
45,13,14.8,4,3.8
22,7,10.3,3,3.15
27,8,11.35,4,3.35
7,3,4.55,4,2.65
29,8,10.55,3,3.45
41,13,13.35,4,3.6
11,4,6.45,5,2.75
25,7,10.1,7,3.35
29,6,12.0,5,3.3
32,8,12.6,5,3.4
24,5,10.6,5,3.3
25,6,10.15,5,3.65
22,6,9.95,6,3.1
19,6,9.2,4,3.25
29,9,11.0,4,3.55
25,7,9.95,4,3.2
33,10,11.85,3,3.4
77,10,20.6,5,4.0
18,7,8.4,5,3.1
17,7,7.75,6,3.25
16,5,7.85,6,2.9
18,9,8.9,3,2.95
10,5,5.95,4,2.5
21,6,9.3,5,3.5
40,12,13.55,4,3.45
27,12,10.25,4,3.4
33,7,12.75,7,3.45
27,7,10.35,6,3.5
25,7,10.55,4,3.3
32,7,12.0,4,3.45
20,7,9.35,4,3.05
23,9,9.4,3,3.2
21,6,9.1,4,3.05
20,7,9.6,5,2.95
18,7,9.15,4,3.3
25,10,10.35,4,3.65
17,8,8.3,3,3.2
23,7,10.15,4,3.4
24,6,10.6,5,3.1
19,7,8.85,4,2.9
12,8,6.8,3,2.5
16,7,8.15,4,3.05
22,7,9.85,7,3.05
16,6,8.15,4,2.8
23,6,10.45,4,3.1
35,10,13.55,4,3.8
41,9,14.05,7,3.6
17,6,8.6,3,2.85
37,12,13.25,4,3.7
13,5,8.1,4,2.8
22,8,9.85,4,3.1
33,10,11.75,4,3.6
33,8,12.15,4,3.65
19,6,8.95,4,3.2
13,5,7.0,3,2.75
44,8,14.2,4,3.5
18,11,8.7,3,2.95
16,6,8.3,5,2.95
10,4,6.2,3,2.45
16,7,8.05,4,2.8
14,3,7.3,8,2.85
18,6,8.55,5,2.8
32,9,11.65,4,3.45
21,7,9.65,3,2.95
37,9,13.15,4,3.55
18,8,7.75,4,3.1
12,6,6.65,3,2.85
9,4,5.85,4,2.65
22,6,9.0,4,3.0
30,7,11.85,4,3.55
24,8,10.8,4,3.1
28,7,10.1,4,3.45
22,6,9.75,4,3.55
18,10,8.7,3,2.9
24,8,10.8,4,3.4
14,9,8.05,2,2.65
26,5,10.95,6,3.25
14,5,8.05,5,2.6
31,9,12.35,5,3.55
22,7,10.25,3,3.0
14,4,7.35,3,2.7
18,7,9.4,3,3.0
19,6,8.6,4,3.25
23,9,9.9,3,3.2
17,8,8.75,4,3.05
26,6,12.05,5,3.1
12,4,6.85,4,2.75
16,5,8.7,5,2.9
20,8,8.9,4,2.9
18,9,8.2,4,3.05
26,12,10.95,3,3.05
27,8,10.55,4,3.3
18,7,8.7,4,2.95
42,10,14.35,5,3.75
20,8,9.25,5,2.95
31,13,11.65,3,3.7
18,7,9.05,4,3.1
9,4,5.25,3,2.5
29,15,10.85,5,3.35
14,5,7.75,4,3.0
14,7,7.95,3,2.7
32,8,12.45,5,3.35
17,7,9.15,4,2.9
35,9,13.1,4,3.65
10,6,6.45,4,2.3
29,6,11.7,5,3.4
19,9,8.7,3,3.1
65,15,17.05,5,4.05
10,5,6.25,3,2.45
15,7,7.55,3,2.95
8,4,5.25,3,2.4
46,12,15.25,6,3.85
16,8,8.1,4,3.4
27,7,10.2,3,3.5
23,10,9.25,4,3.55
40,7,13.3,7,3.7
44,13,14.5,7,3.75
23,8,10.35,4,3.1
23,13,10.25,5,3.3
26,9,11.3,4,3.15
15,6,7.45,3,2.8
13,6,6.45,4,2.95
10,7,5.95,4,2.4
13,6,7.35,5,2.95
16,7,8.2,4,3.05
30,9,10.8,5,3.5
18,10,8.4,3,3.35
35,13,12.6,5,3.2
14,8,7.9,5,2.75
34,7,12.4,7,3.4
17,7,8.9,5,2.8
12,5,6.8,4,2.8
16,7,7.7,4,3.3
16,7,7.55,4,3.0
51,8,15.8,5,4.0
18,6,8.4,4,3.0
19,7,8.85,4,3.15
34,6,12.9,6,3.6
37,9,14.1,5,3.7
28,7,11.3,6,3.3
10,5,6.15,4,2.45
13,5,7.15,4,2.85
12,4,6.55,4,2.8
16,7,7.65,4,2.95
33,8,12.0,6,3.55
20,5,8.75,5,3.15
21,5,9.1,5,3.2
70,11,18.35,5,3.9
28,12,11.8,4,3.1
23,6,10.0,5,3.35
9,3,5.85,4,2.65
40,12,13.75,5,3.45
26,10,9.85,6,3.4
21,6,9.4,4,2.85
20,6,9.2,4,3.05
32,7,11.75,6,3.4
23,7,11.4,4,3.15
28,6,10.95,7,3.5
19,6,8.7,5,3.35
12,4,7.0,6,2.5
30,8,11.95,4,3.45
16,7,8.5,3,2.8
22,7,10.35,5,3.0
21,9,10.3,5,3.15
19,4,8.85,4,3.0
41,9,13.55,5,3.8
22,11,9.85,3,3.3
16,5,7.9,3,3.15
30,8,12.45,7,3.55
16,5,8.25,4,3.0
33,9,13.05,5,3.4
38,12,14.25,4,3.6
28,9,11.85,4,3.45
20,4,9.3,7,3.2
23,8,9.5,4,3.55
21,10,9.5,4,3.35
23,6,9.45,5,3.15
20,7,9.7,5,3.15
16,8,7.75,4,3.0
17,5,8.75,4,2.8
30,8,10.65,4,3.45
17,6,8.15,3,2.75
12,5,6.6,4,2.9
20,5,9.95,4,2.95
16,6,8.1,6,3.1
12,4,6.55,3,2.7
14,4,7.2,5,2.9
31,8,12.35,4,3.3
27,9,10.35,4,3.3
75,10,19.75,5,4.25
21,8,9.4,3,3.05
30,5,11.35,7,3.5
66,10,18.85,6,3.85
41,6,14.1,9,3.65
53,9,15.0,6,4.0
26,10,11.6,3,2.9
41,10,13.6,5,3.7
26,9,10.95,3,2.9
14,7,7.1,3,3.1
43,11,14.3,3,3.55
23,6,10.0,6,3.3
19,11,8.75,3,3.05
12,6,6.7,4,2.65
33,7,12.7,4,3.5
36,11,13.3,5,3.75
13,6,6.7,3,2.9
46,10,14.7,4,3.9
35,12,12.55,3,3.55
28,10,10.75,6,3.35
30,12,12.25,4,3.45
55,10,15.65,6,3.75
30,7,12.45,3,3.4
19,5,8.7,5,2.95
26,7,10.7,5,3.3
19,7,8.2,5,2.95
13,5,7.5,4,2.45
14,5,7.1,5,2.9
33,8,12.6,4,3.35
24,7,9.35,5,3.3
15,6,7.5,2,2.8
41,9,13.45,4,3.8
19,7,8.95,3,3.1
17,4,8.4,4,2.95
21,8,9.4,4,3.0
60,16,17.2,5,3.75
16,4,7.8,7,3.0
14,5,8.0,4,2.8
25,6,10.95,4,3.5
42,10,14.4,5,3.6
13,7,6.9,3,2.95
40,8,13.6,4,3.4
24,6,10.65,6,3.15
39,11,12.8,5,3.65
25,7,10.75,4,3.6
16,5,7.9,4,3.2
14,6,7.7,3,2.85
14,7,7.45,3,2.75
12,7,7.3,3,2.65
13,5,6.8,6,2.85
19,8,9.25,3,3.2
12,4,6.5,4,2.5
29,10,11.45,4,3.45
19,7,9.75,3,3.0
11,5,6.3,5,2.45
21,6,10.3,6,3.0
31,9,12.0,6,3.5
19,9,9.0,4,3.0
12,9,6.9,3,2.7
35,11,13.2,4,3.55
18,6,8.8,4,2.8
18,7,8.6,4,3.15
29,10,11.8,4,3.55
20,6,9.7,5,3.2
18,5,9.25,6,2.9
34,7,13.25,8,3.55
13,5,7.25,4,2.6
41,8,14.6,7,3.55
30,7,11.85,4,3.55
23,7,10.4,5,3.3
13,6,7.75,3,2.65
8,4,5.15,3,2.4
30,10,12.45,4,3.45
70,10,19.5,5,3.9
17,7,8.2,3,3.05
17,7,8.2,4,2.95
15,6,7.2,5,3.25
26,7,11.1,5,3.45
36,9,12.45,5,3.35
38,15,14.25,3,3.6
12,5,6.6,4,2.8
30,8,11.25,4,3.15
21,9,9.1,3,3.25
13,7,7.15,6,3.05
17,6,8.1,3,2.65
26,7,11.1,5,3.75
43,10,14.05,5,3.85
19,5,8.4,4,3.0
14,6,8.25,4,2.65
25,7,9.65,4,3.25
31,7,11.35,4,3.5
23,8,10.25,3,3.1
13,8,6.5,3,3.1
44,7,14.1,8,3.55
7,4,4.7,3,2.25
22,7,9.5,4,3.25
20,8,9.1,3,3.05
12,5,6.75,4,2.75
53,9,15.3,7,3.85
15,6,8.0,4,2.75
21,6,8.5,5,3.35
9,7,5.75,3,2.3
10,6,6.4,3,2.25
17,6,8.15,4,2.9
32,7,11.75,5,3.45
46,12,15.35,5,3.9
23,8,10.9,5,3.15
79,9,20.5,8,4.35
12,5,6.8,4,2.75
11,8,6.55,3,2.45
21,9,9.15,3,3.25
27,8,11.75,6,3.25
32,8,11.9,6,3.3
11,4,6.55,5,2.8
18,10,8.15,3,3.1
24,11,10.4,4,3.15
14,6,7.55,3,2.65
17,5,8.2,6,3.0
25,10,10.3,4,3.45
10,4,5.6,5,2.75
20,5,9.25,4,3.0
25,9,11.1,5,3.15
21,5,8.9,5,3.3
20,7,9.65,4,2.7
23,8,10.55,5,3.2
37,8,13.45,5,3.55
31,8,11.35,5,3.35
21,8,9.3,4,3.4
22,8,9.35,3,3.4
25,8,10.0,4,3.45
24,9,10.7,3,3.5
21,6,9.65,4,3.35
38,7,13.7,9,3.3
33,10,11.85,6,3.65
26,9,11.45,5,3.05
16,5,7.95,4,2.85
13,8,6.45,2,3.0
23,5,9.55,6,3.2
10,4,6.25,4,2.4
64,9,17.9,7,3.95
25,8,11.05,6,3.25
25,7,10.75,7,3.35
17,6,7.75,4,3.45
9,3,6.25,4,2.3
32,8,11.6,4,3.7
10,4,6.0,4,2.55
22,5,10.5,4,3.4
14,5,7.3,5,2.95
22,6,9.5,5,2.95
18,6,8.65,4,3.05
34,9,11.85,4,3.7
21,8,7.7,4,3.5
47,8,16.2,7,3.75
10,5,6.3,4,2.4
22,6,10.0,5,2.9
16,6,7.4,3,3.1
29,15,11.5,4,3.2
38,10,13.35,4,3.6
28,5,11.2,7,3.2
13,8,6.7,3,2.65
24,8,10.6,5,3.15
27,6,10.35,7,3.55
24,8,11.1,5,3.35
12,4,6.9,5,2.85
22,5,9.6,4,3.65
17,7,8.2,4,3.1
29,8,11.4,4,3.85
27,7,10.05,4,3.5
33,7,13.4,5,3.6
20,5,8.8,6,3.4
33,7,11.6,5,3.45
32,7,12.0,5,3.5
33,6,12.65,6,3.4
10,4,6.1,4,2.6
21,6,9.6,4,3.2
35,6,14.2,5,3.5
16,9,7.8,3,2.9
19,8,9.55,3,3.0
50,8,16.05,5,3.75
17,8,7.95,4,3.45
17,5,8.9,7,3.05
24,7,9.35,5,3.35
31,8,12.55,5,3.3
42,9,13.8,7,3.7
23,7,10.75,4,3.25
21,5,9.9,6,3.2
16,5,7.35,5,3.35
15,6,8.15,4,3.0
15,6,7.7,3,3.05
40,10,12.85,5,3.7
17,5,8.35,4,2.95
12,6,6.75,4,2.7
13,5,7.3,4,2.75
15,5,7.95,5,2.95
25,6,10.65,5,2.95
22,9,10.1,3,3.1
12,5,6.5,4,2.6
18,8,8.75,3,3.2
33,7,13.1,4,3.25
15,6,7.65,3,2.75
36,8,12.0,7,3.4
18,4,8.75,5,2.8
31,9,11.4,5,3.4
22,6,10.85,4,3.0
13,7,7.0,3,2.55
22,9,9.4,4,3.45
24,6,10.55,6,3.1
22,8,11.15,3,3.15
15,5,8.25,4,2.75
12,5,6.3,4,2.95
19,8,8.3,3,3.35
27,7,11.05,4,3.4
53,9,16.65,6,3.95
49,11,15.35,5,3.9
17,11,8.3,3,2.8
19,6,8.75,5,3.0
16,7,7.7,5,3.2
41,8,14.0,5,3.55
21,7,9.75,5,3.2
24,7,10.15,4,3.3
29,7,11.05,4,3.25
10,4,6.0,3,2.7
16,6,8.0,3,3.05
23,7,9.8,5,3.1
16,7,7.3,4,2.95
25,9,10.95,5,3.25
27,7,10.3,4,3.6
24,8,10.55,5,3.35
28,7,11.75,5,3.3
29,9,11.15,6,3.5
11,5,7.05,4,2.6
16,6,8.25,5,2.95
13,4,7.15,5,3.05
24,7,9.1,4,3.5
16,5,8.05,5,2.9
14,8,6.95,4,2.95
17,5,7.95,6,3.1
33,8,11.5,4,3.25
19,7,8.7,3,3.1
20,9,9.0,4,3.1
22,10,9.4,4,3.1
10,5,6.2,3,2.7
27,9,11.05,4,3.35
40,8,13.2,5,3.75
18,7,8.65,4,3.15
14,7,7.95,4,2.9
15,5,7.85,3,3.0
10,4,6.4,4,2.7
23,6,9.5,3,3.05
19,6,8.9,4,2.75
17,5,8.45,4,3.05
36,11,13.25,3,3.45
19,8,8.85,3,3.1
12,5,6.2,3,2.85
10,4,5.85,3,2.75
29,6,11.35,5,3.35
17,7,8.15,4,2.95
22,9,9.25,4,3.3
39,6,13.15,9,3.7
10,4,5.85,4,2.75
22,7,9.25,4,3.6
11,7,6.3,3,2.55
33,7,12.5,5,3.45
20,7,9.2,6,3.3
28,6,11.3,4,3.2
18,8,8.55,4,3.15
47,7,15.15,6,3.75
36,15,11.95,4,3.6
15,8,7.6,3,3.05
25,8,10.8,4,3.2
16,7,8.45,4,2.9
32,11,11.75,3,3.6
12,5,6.4,3,2.75
16,7,7.7,4,3.05
21,5,9.85,5,2.95
20,6,8.85,4,3.45
41,12,15.45,6,3.5
21,8,9.7,3,3.4
46,8,14.15,5,3.85
28,7,12.0,5,3.15
23,9,10.95,5,3.4
19,7,9.05,3,2.95
45,13,15.75,6,3.65
28,9,12.15,4,3.15
41,10,14.65,4,3.75
15,4,7.9,4,2.6
29,9,11.5,5,3.25
17,6,8.2,3,2.8
24,7,10.0,5,3.35
19,8,9.75,3,3.0
27,8,11.6,4,3.5
11,4,6.35,3,2.65
17,8,8.35,4,3.1
22,9,9.75,4,3.45
39,9,13.5,5,3.65
20,4,8.85,7,3.05
11,5,6.65,3,2.8
15,8,7.4,3,2.8
38,11,13.9,4,3.55
17,6,8.65,5,3.2
21,7,9.45,4,3.05
10,5,6.1,3,2.45
23,5,9.8,7,3.35
18,10,8.85,3,3.3
9,3,5.35,4,2.75
27,8,11.2,5,3.3
30,7,11.95,5,3.3
27,7,10.7,5,3.25
21,8,9.4,4,3.35
25,6,10.2,5,3.2
26,11,10.75,3,3.25
26,6,11.15,5,3.1
17,5,8.3,4,2.95
14,7,8.05,4,2.6
19,4,8.8,5,3.4
13,5,6.65,5,2.9
14,6,7.1,4,2.75
32,8,12.0,5,3.65
36,8,12.7,6,3.65
42,9,14.1,5,3.45
16,6,8.15,4,2.9
9,4,5.65,4,2.4
22,9,10.2,6,3.15
24,5,10.7,7,3.5
23,6,11.0,6,2.95
20,7,9.1,5,3.15
39,9,12.55,4,3.65
35,8,12.45,6,3.45
20,6,8.95,4,3.25
13,6,7.3,3,2.6
26,6,9.85,6,3.5
29,6,11.9,7,3.4
18,8,8.05,4,3.25
30,7,12.0,7,3.4
46,8,13.25,7,3.8
25,12,9.95,4,3.35
24,7,10.85,3,3.3
18,7,8.6,3,3.35
26,9,10.65,3,3.55
33,8,12.45,5,3.35
26,7,11.05,5,3.25
68,9,18.05,6,3.9
23,5,10.2,7,3.25
18,5,8.5,5,3.1
12,4,7.55,5,2.55
14,4,7.6,6,2.55
9,5,5.7,3,2.4
25,13,10.4,3,3.3
19,6,8.85,6,3.3
22,9,9.55,3,3.15
22,6,9.5,3,2.95
15,5,8.2,4,3.15
14,5,7.5,5,2.9
25,8,10.25,3,3.55
24,7,10.7,4,3.25
24,8,9.95,5,3.1
14,6,7.4,3,2.85
20,8,8.1,5,3.65
15,5,8.25,4,2.9
9,6,6.0,4,2.55
15,6,7.65,3,2.7
23,5,9.2,6,3.35
29,11,11.25,5,3.5
22,7,9.8,4,3.45
17,5,8.6,5,3.1
29,9,11.2,6,3.55
46,9,15.95,6,3.55
44,8,13.95,7,3.55
22,5,8.95,6,3.35
20,8,9.5,4,3.15
26,6,10.7,4,3.2
24,7,10.75,5,3.25
22,7,8.75,4,3.45
30,6,12.35,5,3.2
26,8,10.65,5,3.55
44,10,13.8,6,3.75
17,7,7.95,6,3.2
32,10,11.85,3,3.6
37,10,13.55,4,3.55
27,7,10.8,4,3.25
30,6,12.5,6,3.4
13,6,7.4,3,2.65
18,7,8.45,5,3.1
46,9,14.75,5,3.6
16,6,8.25,4,3.0
52,8,15.9,7,3.75
13,5,7.3,3,3.0
30,8,12.2,6,3.25
43,7,15.35,9,3.6
17,6,9.15,3,2.85
9,6,5.9,3,2.4
31,8,11.95,4,3.5
26,7,10.45,3,3.0
11,5,6.15,3,2.7
13,5,6.9,3,2.75
56,8,15.4,10,3.85
25,7,9.9,6,3.35
25,7,10.5,4,2.95
26,7,10.75,5,3.65
38,10,12.45,5,3.8
9,6,5.5,3,2.6
21,7,8.8,5,3.15
16,7,8.1,4,2.75
27,6,11.4,4,3.3
24,5,9.45,6,3.3
14,5,7.75,5,2.8
56,6,17.4,8,4.05
14,4,6.75,4,3.15
33,6,12.65,5,3.1
23,6,9.45,5,3.2
19,8,8.65,4,3.2
18,7,9.3,4,3.1
32,8,13.25,5,3.45
23,6,10.65,5,3.0
20,6,9.2,4,3.15
15,4,7.9,5,2.6
20,8,9.25,5,3.1
11,6,6.3,3,2.7
29,11,11.15,5,3.8
43,7,13.8,8,3.45
42,9,13.55,7,3.85
36,6,12.15,5,3.7
56,10,18.45,9,3.55
41,8,14.85,6,3.7
31,6,12.45,5,3.55
15,6,7.9,3,2.85
19,6,8.65,3,3.2
24,9,11.5,3,3.05
27,6,11.35,4,3.4
24,10,10.2,3,3.4
27,8,10.5,4,3.45
20,8,9.4,3,3.25
11,4,6.1,4,2.8
22,9,10.55,3,3.05
12,6,7.25,5,2.5
11,6,6.6,3,2.75
32,7,11.55,5,3.8
37,7,13.9,5,3.65
18,8,8.55,5,2.95
17,9,7.55,3,3.1
21,9,9.45,4,2.95
51,10,16.15,5,3.65
22,6,9.55,4,3.45
13,4,7.65,5,2.6
41,7,13.25,7,3.95
23,7,10.4,4,3.3
18,4,7.8,5,3.1
21,6,9.7,4,3.3
12,7,7.1,3,2.7
17,7,7.9,4,2.95
7,3,4.8,4,2.15
26,9,10.9,7,3.4
19,6,9.05,4,3.3
35,9,11.9,4,3.55
14,5,6.95,4,3.15
18,6,8.6,4,2.95
38,9,13.6,6,3.7
42,7,13.45,4,3.75
29,8,10.75,6,3.7
19,8,8.7,4,3.4
28,8,11.7,4,3.3
19,6,8.15,6,3.25
12,6,6.8,3,2.75
32,9,11.9,5,3.55
55,8,16.55,6,3.95
11,3,6.6,5,2.6
22,7,9.95,7,3.1
21,7,9.55,3,3.15
13,6,7.2,5,2.85
18,4,9.05,6,2.65
10,7,6.1,3,2.45
21,7,9.1,4,3.05
18,5,8.3,4,3.25
16,5,7.9,5,2.95
41,11,14.2,4,3.5
25,7,10.0,6,3.2
39,11,14.05,4,3.75
11,5,6.15,3,2.75
19,8,8.3,4,3.05
21,7,9.05,4,3.2
36,8,13.95,5,3.4
21,6,9.65,4,2.85
33,8,13.0,5,3.1
19,5,9.05,6,2.85
28,8,10.65,5,3.6
17,7,7.8,4,3.1
46,7,14.6,5,3.9
46,7,15.0,5,4.0
27,8,10.85,4,3.1
33,6,12.3,8,3.45
20,8,9.65,4,3.05
13,5,8.0,5,2.75
55,12,17.4,5,3.65
31,9,11.5,5,3.3
10,7,6.6,2,2.4
13,5,6.4,5,2.85
25,8,11.0,4,3.3
16,7,8.15,3,3.0
34,8,13.3,6,3.55
10,4,6.0,4,2.75
26,6,10.05,5,3.55
27,7,10.2,5,3.25
20,5,9.9,6,3.45
18,6,8.5,4,3.0
11,8,6.4,3,2.55
9,3,5.85,4,2.3
15,6,8.5,5,2.9
10,5,6.5,4,2.8
21,7,9.1,5,3.3
20,8,10.2,4,3.05
23,6,9.8,5,3.25
27,10,10.8,4,3.25
13,4,7.3,4,2.7
28,10,10.75,4,3.45
19,6,8.45,4,3.25
36,11,13.65,4,3.55
12,5,6.8,4,2.65
38,10,14.1,8,3.65
15,5,7.2,5,2.95
18,7,8.9,4,2.95
41,8,13.4,7,3.8
55,8,17.85,7,3.65
22,8,9.95,3,3.2
12,6,6.8,3,2.7
33,7,12.35,8,3.65
15,7,7.2,3,2.85
37,10,12.7,6,3.5
31,7,11.85,5,3.35
22,7,10.3,4,2.85
14,6,8.05,3,2.6
12,7,6.65,4,2.7
30,7,12.25,5,3.45
26,6,10.85,5,3.4
25,6,10.4,5,3.3
49,10,15.55,5,3.95
35,9,11.9,4,3.6
16,4,7.95,6,3.2
14,6,6.7,4,2.95
11,4,6.95,5,2.6
33,7,12.45,6,3.5
18,5,8.75,5,2.75
15,7,7.15,4,2.9
37,7,13.75,5,3.6
19,6,8.65,4,3.2
22,9,9.4,4,3.05
14,7,7.75,5,2.65
21,6,8.85,3,3.5
32,13,12.25,3,3.4
17,5,8.3,4,2.95
14,7,7.25,3,2.95
19,6,8.35,5,3.1
11,7,6.6,3,2.8
16,7,7.5,6,3.0
46,10,14.2,5,3.7
26,7,11.6,4,3.5
32,7,12.15,6,3.4
48,9,14.2,4,3.4
26,7,11.1,4,3.45
33,8,12.25,4,3.65
23,8,9.7,4,3.15
13,4,6.8,4,2.65
14,8,7.75,3,2.8
28,8,10.35,5,3.6
12,5,6.85,4,2.55
70,15,17.65,5,3.95
25,7,9.2,3,3.4
22,6,8.65,5,3.15
30,8,11.55,3,3.45
17,7,8.3,4,3.05
14,6,7.6,6,2.95
25,9,9.95,6,3.1
27,9,10.85,5,3.25
26,11,10.7,3,3.2
31,9,12.8,5,3.1
58,9,17.45,4,3.7
48,10,16.0,5,3.55
17,7,8.4,4,3.0
25,5,11.55,6,3.25
18,4,9.15,6,3.25
18,5,8.85,5,2.8
46,9,14.25,5,3.85
29,8,10.65,6,3.5
33,10,11.8,4,3.5
21,6,9.3,4,3.25
24,7,10.3,4,3.25
38,8,13.35,4,3.6
12,5,6.7,4,3.05
57,10,16.45,5,4.05
17,8,8.2,3,3.25
41,9,15.05,7,3.8
32,9,12.85,6,3.6
26,7,10.7,4,3.6
15,5,7.3,3,3.2
21,8,9.8,3,3.1
26,7,10.65,5,3.4
36,10,11.75,5,3.4
13,4,7.1,6,2.85
21,7,9.15,6,2.9
17,6,8.65,6,2.7
16,7,8.2,4,3.0
36,8,13.55,5,3.6
33,8,12.15,3,3.4
36,5,12.8,7,3.7
15,7,7.6,4,3.0
18,8,8.65,4,2.8
37,7,13.6,6,3.5
16,7,8.2,4,3.0
16,7,7.9,4,2.85
23,8,10.05,6,3.15
18,7,8.4,3,2.95
13,5,7.65,4,2.6
16,6,6.9,6,3.05
22,5,10.0,6,3.2
23,8,9.7,3,3.25
21,5,9.85,5,2.95
30,8,11.95,3,3.35
22,5,10.2,6,2.9
30,10,12.15,5,3.2
11,5,6.65,5,2.45
25,8,10.5,3,3.4
13,5,7.1,4,2.75
26,7,10.55,5,3.5
10,6,5.85,3,2.5
13,5,7.1,4,2.7
50,22,15.75,3,3.65
32,7,11.45,8,3.5
34,12,13.2,4,3.6
39,11,12.9,5,3.7
21,5,8.7,4,3.3
13,8,7.5,3,2.6
19,8,8.45,5,3.35
21,6,9.2,4,3.4
15,5,8.4,4,2.7
33,8,11.9,5,3.45
35,12,13.45,5,3.55
37,11,13.0,6,3.45
24,6,9.3,6,3.6
25,6,9.55,6,3.4
18,5,8.25,5,3.4
23,9,11.05,3,2.9
47,11,15.55,5,3.5
25,5,10.35,5,3.25
31,8,12.3,5,3.4
34,9,12.3,5,3.6
16,8,8.3,3,3.0
13,7,7.25,3,2.4
20,6,8.85,7,3.3
19,6,8.85,6,3.0
23,7,9.7,6,2.9
26,6,10.75,5,3.5
17,5,8.45,5,2.75
22,7,10.05,4,3.35
17,6,8.3,3,3.0
13,5,7.3,4,2.7
17,7,8.85,4,2.9
22,7,9.55,4,3.15
18,6,8.95,5,3.05
19,7,8.8,3,3.0
35,9,12.15,5,3.8
19,5,8.95,4,2.85
22,8,9.7,4,3.1
19,6,9.2,5,3.05
47,10,15.45,7,3.7
17,5,8.0,6,3.3
25,7,9.75,6,3.15
10,7,6.35,3,2.5
23,6,9.05,3,3.5
19,11,8.65,4,3.1
19,7,9.05,4,3.2
36,10,13.75,6,3.15
28,6,11.65,5,3.25
28,8,11.85,6,3.6
23,7,9.55,4,3.3
12,4,6.35,6,2.8
13,5,6.8,5,2.75
24,7,10.7,4,3.35
9,5,5.85,2,2.5
16,6,7.55,4,2.8
42,9,14.55,4,3.5
31,8,12.5,6,3.2
16,7,7.4,4,3.15
28,12,11.2,5,3.2
13,5,7.15,4,2.8
26,5,10.65,5,3.4
42,13,14.4,5,3.8
28,13,11.45,4,3.4
18,7,9.25,3,3.15
15,5,7.9,4,2.8
36,10,13.4,5,3.5
15,5,7.65,3,2.95
27,8,10.3,3,3.65
31,8,10.95,5,3.5
26,7,10.35,4,3.1
9,4,5.45,5,2.5
16,4,8.25,4,2.95
30,5,11.25,8,3.75
19,4,9.05,6,2.8
13,4,6.9,6,2.85
37,7,12.6,6,3.7
9,3,5.3,4,2.45
31,6,12.55,5,3.35
17,6,8.45,4,3.1
44,10,13.85,4,3.5
18,9,8.7,3,2.9
17,7,8.65,4,2.85
15,7,8.85,3,2.55
44,10,14.3,6,3.45
15,4,7.35,5,2.85
22,7,9.8,3,3.45
38,8,13.85,5,3.45
42,7,13.6,5,3.45
41,11,15.25,4,3.75
23,12,10.6,3,2.9
25,6,10.05,4,3.4
18,8,8.55,4,2.85
8,5,5.5,4,2.5
24,12,10.0,4,3.3
30,10,10.7,5,3.55
34,7,13.0,6,3.55
17,5,8.4,4,2.95
33,12,11.15,6,3.5
17,7,7.95,4,3.25
29,7,12.55,4,3.25
21,9,10.2,3,3.1
15,5,8.25,4,2.85
17,8,8.95,4,2.85
45,8,15.95,5,3.65
22,6,9.8,5,3.0
16,5,7.85,4,3.0
32,6,12.6,7,3.3
15,5,8.2,5,2.95
15,6,8.1,7,2.95
18,7,8.9,3,2.85
16,7,8.1,4,3.0
43,9,13.55,4,3.45
14,6,7.5,4,2.85
12,4,6.9,5,2.65
22,6,9.7,4,3.05
16,7,7.6,3,3.0
33,10,13.2,3,3.15
20,6,9.15,6,3.15
16,5,7.45,6,3.1
32,10,12.0,5,3.95
12,4,7.25,4,2.6
20,8,8.95,6,3.3
29,8,11.35,6,3.35
16,8,8.7,3,2.65
16,5,8.1,6,3.15
31,7,11.9,4,3.7
13,6,7.05,3,2.95
44,11,13.5,5,3.55
36,9,12.4,6,3.45
19,9,9.65,3,3.25
8,4,5.05,3,2.4
25,6,10.0,6,3.45
11,5,6.75,3,2.5
15,6,7.25,4,2.8
20,7,8.25,5,3.05
24,10,10.35,5,3.55
14,5,7.1,4,2.9
24,7,10.05,4,3.1
10,5,6.15,3,2.7
24,6,10.25,4,3.25
32,10,11.8,5,3.8
23,5,9.6,7,3.7
48,11,16.25,7,3.6
29,11,10.9,3,3.6
53,11,15.3,4,3.8
25,7,9.7,4,3.3
24,6,9.95,4,3.25
40,14,13.7,5,3.65
16,9,8.05,3,2.95
9,7,5.7,3,2.4
16,6,8.95,4,2.7
22,6,10.0,4,3.1
15,5,8.05,4,2.8
50,11,16.3,6,3.5
20,7,9.8,7,3.25
16,7,8.1,4,2.75
17,8,8.6,5,2.9
26,8,10.75,6,3.55
55,8,17.25,6,3.75
26,8,11.25,6,3.3
21,6,9.75,7,3.2
38,7,13.1,4,3.55
10,4,6.35,3,2.5
25,10,10.4,3,3.2
21,9,10.15,5,3.05
16,7,8.35,4,2.9
25,9,10.9,5,3.3
22,7,8.85,4,3.45
19,8,9.3,3,3.35
20,6,9.55,4,2.95
17,8,8.7,4,2.9
11,7,6.95,3,2.45
21,5,9.35,6,3.2
16,7,8.65,4,3.25
14,7,7.35,3,3.0
20,6,9.7,5,3.05
21,4,9.2,7,3.2
15,7,7.8,4,2.8
18,6,8.8,3,3.0
17,8,7.8,4,3.05
15,5,7.15,4,2.95
28,7,10.4,6,3.25
45,9,15.3,5,3.85
27,7,11.5,5,3.25
36,10,13.4,6,3.4
22,5,9.2,6,3.35
34,7,11.95,5,3.7
40,11,13.65,4,3.95
47,8,14.55,5,3.7
40,9,14.6,5,3.45
31,8,11.7,6,3.55
86,29,21.15,5,4.25
17,5,8.1,5,2.9
22,6,10.25,4,3.05
14,7,7.4,3,2.55
19,9,9.55,5,3.2
27,6,11.3,4,3.35
23,7,11.05,8,3.2
9,4,5.65,3,2.55
44,8,15.55,5,3.3
10,4,6.05,5,2.75
25,6,9.9,4,3.55
29,6,10.7,5,3.5
33,6,12.95,6,3.65
13,4,6.8,5,2.8
14,6,7.65,5,2.6
19,6,10.0,4,3.0
25,9,9.95,6,3.35
30,7,11.1,5,3.55
61,11,18.5,5,3.6
9,3,5.3,4,2.6
37,12,13.05,6,3.5
29,6,11.45,4,3.35
16,7,8.8,3,2.85
15,7,8.0,4,3.0
20,5,8.45,4,3.0
21,8,9.45,3,3.05
25,7,11.25,5,3.25
24,6,9.95,7,3.05
22,7,10.3,4,3.2
43,9,14.05,7,3.85
25,8,10.15,4,3.25
8,4,4.8,3,2.5
39,7,13.65,8,3.3
43,7,14.45,5,3.6
38,6,14.1,7,3.7
25,10,9.95,4,3.45
22,8,9.75,4,3.1
55,7,16.8,5,4.4
10,5,5.85,3,2.7
22,7,9.55,4,3.15
16,7,7.5,4,2.95
20,7,9.4,6,3.4
23,6,9.95,8,3.15
85,9,20.6,8,4.4
45,10,13.55,6,3.65
22,7,9.1,5,3.25
18,5,8.3,4,3.25
28,5,11.7,8,3.4
16,6,7.25,4,2.95
29,7,11.05,5,3.3
9,4,5.55,3,2.65
29,9,11.7,4,3.25
28,8,11.6,5,3.4
26,7,10.7,5,3.05
10,4,6.0,3,2.8
26,7,10.75,6,3.45
55,7,17.4,7,4.0
31,6,11.45,8,3.45
61,10,17.6,5,3.8
41,10,15.05,6,3.65
21,6,8.85,5,3.45
11,4,6.45,5,2.6
16,6,8.55,6,2.85
18,5,8.65,4,3.35
28,6,11.45,6,3.35
61,10,17.05,5,3.85
25,7,10.45,6,3.25
8,4,5.1,4,2.5
17,7,8.35,3,3.15
16,4,8.25,6,3.3
14,5,7.15,4,2.9
30,8,11.05,5,3.55
39,7,13.75,5,3.65
37,9,12.55,5,3.6
34,9,13.15,4,3.25
22,7,10.35,4,2.95
29,8,12.6,5,3.5
17,5,8.25,4,2.8
14,6,7.65,3,2.9
12,4,7.05,4,2.65
64,8,17.3,7,3.8
20,5,9.05,5,3.05
26,7,11.1,5,3.15
33,7,12.05,5,3.65
17,4,8.35,5,2.85
17,6,8.75,4,2.95
57,10,17.1,6,3.65
21,8,9.45,4,3.0
36,9,13.55,5,3.4
14,7,8.05,3,2.55
21,7,9.85,4,3.3
23,6,10.15,4,3.25
18,6,8.65,5,3.2
31,6,12.25,7,3.4
19,9,8.95,4,3.6
20,11,10.1,3,3.05
64,9,17.9,7,4.0
37,8,13.15,5,3.5
12,4,6.8,5,2.6
22,8,10.35,3,3.35
25,7,10.5,6,3.1
45,9,15.65,6,3.9
36,9,12.7,7,3.5
39,6,14.05,8,3.55
40,10,12.25,4,3.55
11,6,6.4,2,2.95
27,5,11.45,4,3.25
37,10,14.1,5,3.5
13,6,7.05,4,3.0
17,8,7.95,3,3.05
18,5,8.95,5,3.05
30,7,12.6,5,3.2
20,7,9.6,3,3.05
16,6,7.5,4,3.1
18,7,9.05,4,2.8
13,6,7.55,3,2.45
26,8,11.15,6,3.1
17,4,8.65,6,2.9
24,7,9.8,4,3.2
35,7,13.85,7,3.5
15,5,8.1,4,2.9
30,8,11.5,4,3.4
50,8,15.15,5,3.8
21,10,9.45,3,3.2
11,6,6.4,2,2.4
32,6,11.5,6,3.35
28,9,11.35,4,3.35
40,8,13.9,4,3.75
9,5,5.65,4,2.6
27,10,10.8,5,3.3
53,9,16.2,8,3.95
47,8,15.85,6,3.65
31,11,11.8,5,3.8
40,8,13.25,7,3.95
18,7,8.7,5,3.2
14,4,6.95,4,2.85
15,5,7.65,5,2.9
15,4,7.9,6,2.85
23,9,9.9,4,3.2
18,6,9.3,5,2.8
11,5,5.95,4,2.8
30,7,12.1,7,3.5
19,5,8.7,6,3.2
24,7,10.65,4,3.35
20,8,9.3,4,3.2
18,9,8.0,3,3.3
19,5,8.95,5,3.05
21,8,9.35,3,3.1
12,6,7.25,3,2.6
19,6,8.85,4,3.15
31,8,11.3,5,3.4
23,7,9.45,4,3.55
75,8,19.3,8,4.0
19,7,9.05,4,3.1
35,8,12.35,6,3.4
24,6,11.1,5,3.2
16,7,7.95,4,3.15
26,5,10.75,9,3.7
66,11,18.5,9,4.05
25,6,10.05,7,3.4
19,6,8.3,3,3.25
23,5,10.05,4,3.15
23,6,10.0,4,3.35
16,6,7.8,6,3.05
25,6,9.95,4,3.2
12,4,6.85,5,2.75
17,5,8.65,5,2.75
26,7,10.25,4,3.65
17,6,8.05,4,2.95
40,11,14.1,5,3.45
53,9,16.8,5,3.55
11,4,6.45,4,2.5
24,9,10.2,3,3.1
52,7,16.25,8,3.9
20,6,8.55,3,3.25
10,5,6.2,3,2.5
28,9,11.15,4,3.5
22,9,10.95,5,3.1
25,5,10.55,5,3.25
16,6,8.0,6,2.75
15,4,7.6,5,2.9
8,5,5.35,3,2.2
29,5,11.3,7,3.5
30,6,11.95,7,3.15
16,5,8.0,5,3.2
39,11,14.5,4,3.6
29,9,11.1,4,3.7
12,4,6.55,4,2.7
10,6,5.9,3,2.6
14,7,7.1,3,2.75
12,6,7.5,3,2.35
26,7,9.8,6,3.45
22,8,10.0,4,3.3
34,10,12.75,4,3.8
13,5,7.65,4,2.6
49,8,16.45,6,3.8
32,8,11.45,5,3.1
12,7,6.8,2,2.75
19,6,8.6,6,3.15
27,6,10.15,4,3.4
10,4,5.95,5,2.35
16,6,7.85,5,2.9
17,8,7.85,4,3.1
52,7,15.15,7,4.2
22,6,9.7,5,3.25
11,5,6.3,4,2.6
8,4,5.6,3,2.1
22,7,8.9,4,3.3
14,8,7.15,3,2.9
25,6,10.75,7,3.15
32,7,11.6,6,3.6
68,13,16.6,5,4.0
54,9,15.8,5,3.55
16,5,7.7,4,2.85
29,8,11.5,4,3.2
38,10,13.55,5,3.7
19,5,8.9,5,3.3
16,5,7.85,6,3.1
17,6,8.2,4,3.05
29,11,11.85,3,3.25
38,10,13.9,5,3.25
34,7,12.55,7,3.6
20,6,10.15,4,3.15
21,6,9.6,4,3.0
16,7,8.0,3,2.9
44,11,13.85,4,3.8
47,9,14.65,5,3.75
23,6,10.15,5,3.25
29,7,10.95,4,3.3
15,9,7.25,2,3.05
35,8,12.05,7,3.65
14,7,7.25,3,2.85
12,9,6.8,2,2.65
64,10,17.0,4,3.85
15,6,7.45,4,2.7
14,5,7.4,6,2.8
21,5,10.6,5,2.95
33,8,11.5,8,3.3
34,8,12.95,7,3.5
16,4,7.5,5,3.05
14,5,7.95,4,2.75
22,10,9.7,5,3.1
22,7,9.35,4,3.1
43,10,14.9,5,3.55
33,7,12.1,4,3.35
23,8,10.7,5,3.4
43,12,15.1,4,3.45
33,9,12.6,4,3.5
34,9,13.2,4,3.45
18,6,8.6,5,3.05
39,12,13.95,5,3.85
43,8,13.95,4,3.65
13,5,7.35,4,2.65
31,9,11.65,5,3.7
55,13,15.55,6,3.65
19,8,9.1,4,3.2
28,6,11.85,6,3.5
17,5,8.3,5,3.0
21,8,10.1,4,2.85
25,6,10.5,6,3.25
9,5,5.65,2,2.5
37,5,12.9,6,3.5
11,4,5.8,5,3.1
25,7,11.2,6,3.2
19,8,8.45,3,3.45
24,6,11.1,6,3.2
39,9,12.85,6,3.9
17,7,8.85,3,2.9
32,7,12.15,4,3.35
17,5,8.2,4,2.9
72,11,19.9,6,3.95
15,5,8.55,5,2.6
34,8,12.75,3,3.7
20,8,8.45,3,3.1
9,5,5.2,2,2.65
16,7,7.5,4,3.15
28,7,11.8,4,3.15
13,5,6.9,4,2.7
43,10,14.4,6,3.6
9,4,5.55,4,2.55
10,4,6.0,3,2.5
28,11,11.1,4,3.75
40,7,13.05,7,3.55
12,5,6.55,4,2.75
33,10,12.35,4,3.7
33,14,11.75,5,3.3
15,6,8.05,4,2.95
13,6,7.2,2,2.9
17,6,8.5,3,3.0
34,11,12.2,3,3.45
14,4,7.55,5,2.8
31,9,12.45,6,3.25
23,6,9.75,5,3.55
29,8,11.1,4,3.25
32,7,10.8,5,3.4
23,8,9.85,4,3.05
28,9,11.05,6,3.4
16,6,8.3,3,3.05
22,7,10.2,4,3.05
17,7,8.9,3,3.1
33,8,12.95,4,3.5
41,12,14.6,6,3.5
23,8,10.7,5,3.4
16,6,7.35,5,3.2
10,6,6.0,3,2.65
18,7,8.75,5,3.05
26,10,10.8,4,3.15
32,11,11.55,5,3.5
28,10,10.95,4,3.5
32,8,13.15,5,3.3
23,8,10.0,6,3.15
30,8,11.9,4,3.75
19,10,8.9,3,3.2
45,9,13.55,6,3.55
23,6,8.85,5,3.15
26,8,10.6,5,3.3
8,4,5.6,4,2.25
14,6,7.0,4,2.75
9,4,5.35,3,2.7
33,11,12.75,4,3.7
24,7,10.6,6,3.2
34,8,12.8,5,3.35
31,9,12.35,4,3.6
17,4,8.4,6,3.1
58,8,17.35,6,3.8
16,4,7.95,5,2.95
34,6,12.9,7,3.45
21,7,8.9,6,3.2
38,11,13.1,5,3.65
32,10,11.95,4,3.6
15,6,7.95,3,2.8
10,6,6.4,3,2.45
18,7,8.45,6,2.95
23,9,9.95,4,3.35
25,7,10.45,5,3.4
38,7,13.1,5,3.4
28,8,11.0,3,3.3
58,12,17.5,4,3.8
16,5,8.25,6,3.15
23,6,10.6,4,3.3
39,13,13.2,7,3.65
14,5,8.0,5,2.8
26,5,10.15,7,3.25
16,7,8.15,4,2.85
28,7,11.2,5,3.45
11,8,7.05,3,2.5
23,8,9.6,4,3.6
33,7,12.4,9,3.6
42,12,13.1,6,3.7
35,8,12.95,6,3.35
30,11,11.6,5,3.45
16,6,7.95,5,3.15
9,4,5.8,4,2.45
26,7,10.05,3,3.4
18,8,7.95,3,3.3
22,9,9.8,4,3.15
25,5,11.4,6,3.1
22,6,9.2,5,3.2
18,6,9.35,5,3.25
14,5,6.95,4,3.25
18,7,8.5,4,2.95
15,6,7.6,5,2.95
32,6,11.75,6,3.65
39,9,13.0,5,3.5
21,6,9.9,3,2.85
11,4,6.7,4,2.75
19,9,8.8,4,3.45
28,6,10.3,6,3.65
36,10,11.35,7,3.45
50,12,15.4,5,3.6
44,10,13.8,4,3.7
12,4,6.6,5,2.55
25,11,11.25,5,3.3
20,8,8.55,6,3.1
20,5,9.55,4,3.05
21,3,9.5,8,3.1
31,13,12.1,3,3.55
23,11,10.6,4,3.2
17,7,9.2,4,2.85
9,4,5.55,3,2.55
13,4,6.9,4,2.8
16,6,7.9,3,3.05
42,8,15.25,7,3.6
19,8,8.65,4,3.05
28,9,12.0,3,3.2
16,7,7.6,3,3.25
33,10,11.75,5,3.85
25,9,10.85,4,3.25
25,7,10.4,4,3.55
29,12,11.25,4,3.65
36,11,12.95,5,3.6
31,7,10.35,6,3.45
38,7,12.65,7,3.65
16,7,8.3,4,3.05
33,11,12.15,4,3.5
45,13,16.5,7,3.6
25,7,10.4,5,3.3
10,6,6.3,3,2.5
41,11,13.4,6,3.7
35,6,12.7,7,3.25
23,9,10.55,3,3.1
12,7,6.6,4,2.65
55,10,16.9,4,3.85
24,7,10.4,5,3.25
20,9,8.4,3,3.4
10,5,6.55,4,2.5
33,6,12.25,6,3.55
22,5,9.85,6,3.15
14,6,7.75,3,2.85
24,7,10.55,5,3.15
26,8,11.35,4,2.9
17,8,8.6,5,2.75
28,9,11.65,4,3.1
17,7,8.5,3,2.95
27,7,11.95,7,3.3
13,5,7.1,3,2.7
48,6,16.55,6,3.7
29,7,11.5,4,3.55
17,6,9.0,5,2.9
13,4,6.7,6,3.05
14,6,6.85,3,2.9
13,4,6.65,5,2.85
27,8,10.45,3,3.7
16,4,7.8,6,2.9
42,9,15.15,5,3.55
55,10,15.85,4,3.8
24,7,10.35,5,3.4
35,12,11.6,5,3.55
7,4,4.7,2,2.35
40,5,13.55,9,3.5
32,9,11.75,3,3.7
16,5,8.1,4,2.8
18,7,8.35,3,2.85
14,7,7.65,4,2.75
16,5,8.75,5,3.05
13,5,7.55,4,2.7
7,4,4.65,3,2.5
16,6,8.8,4,3.0
27,4,10.6,7,3.35
19,8,9.8,6,3.0
12,3,6.5,5,2.95
22,7,9.9,3,3.45
64,11,16.7,6,4.0
36,12,13.4,4,3.4
21,5,10.25,6,3.05
20,7,9.3,4,3.2
10,4,6.1,3,2.6
13,7,7.3,3,2.9
26,10,10.75,4,3.15
15,4,7.8,6,2.95
22,9,10.7,3,3.0
34,6,12.65,7,3.55
15,6,7.75,4,2.9
8,3,5.0,4,2.3
18,6,9.7,4,2.85
13,6,7.45,3,2.65
27,6,10.5,6,3.65
33,7,12.7,5,3.35
10,5,6.4,4,2.5
20,6,9.45,4,3.3
10,5,6.1,5,2.65
25,5,10.35,5,3.4
24,6,10.15,5,3.25
10,4,5.8,3,2.8
19,6,8.7,3,3.0
11,8,6.4,3,2.85
19,6,9.05,4,3.35
38,7,13.6,5,3.75
11,6,6.7,3,2.65
18,6,8.65,4,3.15
15,4,7.65,5,2.65
9,4,5.65,3,2.4
15,7,7.6,3,2.75
15,6,7.7,3,3.15
17,7,8.85,4,3.1
26,10,10.45,3,3.5
23,6,10.1,5,3.0
31,7,12.45,5,3.3
24,5,9.85,6,3.3
27,8,11.6,4,3.35
26,6,11.0,5,3.15
23,6,9.65,5,2.95
26,8,10.75,4,3.15
41,7,13.85,6,3.7
49,10,15.7,5,3.85
14,6,7.25,4,2.9
31,7,12.45,4,3.5
14,5,7.8,3,2.85
42,10,14.4,6,3.5
31,6,12.05,8,3.35
25,6,10.8,7,3.15
34,11,12.45,6,3.85
